品詞,単語,出現回数
名詞,ai,63
名詞,開発,58
名詞,機能,49
名詞,調達,39
名詞,技術,35
名詞,アプリ,35
名詞,apple,34
名詞,発表,34
名詞,Google,33
名詞,システム,31
名詞,サービス,28
名詞,登場,28
名詞,ロボット,27
名詞,iot,26
名詞,スマホ,26
名詞,向け,24
名詞,ドル,23
名詞,ユーザー,23
名詞,日本,22
名詞,買収,21
名詞,pc,21
名詞,ios 12,19
名詞,facebook,19
名詞,Amazon,19
名詞,公開,19
名詞,対応,19
名詞,wwdc,18
名詞,導入,18
名詞,提供,18
名詞,microsoft,17
名詞,デジタル,17
名詞,社,17
名詞,中国,17
名詞,開始,17
名詞,可能,17
名詞,データ,16
名詞,無料,16
名詞,ツール,15
名詞,利用,15
名詞,理由,15
名詞,世界,15
名詞,iPhone,15
名詞,ゲーム,15
名詞,ar,13
名詞,パナソニック,13
名詞,米,13
名詞,広告,13
名詞,型,13
名詞,カメラ,13
名詞,github,12
名詞,スタートアップ,12
名詞,line,12
名詞,米国,12
名詞,大手,12
名詞,自動,12
名詞,企業,12
名詞,対策,12
名詞,テスト,12
名詞,ーー,12
名詞,プラットフォーム,11
名詞,アップル,11
名詞,ドローン,11
名詞,拡大,11
名詞,通信,11
名詞,会社,11
名詞,rpa,10
名詞,開発中,10
名詞,資金調達,10
名詞,自動運転,10
名詞,スマート,10
名詞,プロジェクト,10
名詞,市場,10
名詞,クラウド,10
名詞,活用,10
名詞,仮想通貨,10
名詞,ビデオ,10
名詞,実現,10
名詞,投資,10
名詞,新た,10
名詞,運営,10
名詞,発売,10
名詞,動画,10
名詞,interview,9
名詞,新サービス,9
名詞,Alexa,9
名詞,ios,9
名詞,みずほ,9
名詞,Instagram,9
名詞,レシート,9
名詞,搭載,9
名詞,電子,9
名詞,ビジネス,9
名詞,最新,9
名詞,管理,9
名詞,アメリカ,9
名詞,モデル,9
名詞,使用,9
名詞,サポート,9
名詞,上,9
名詞,3d,8
名詞,アルゴリズム,8
名詞,android,8
名詞,デバイス,8
名詞,モバイル,8
名詞,分析,8
名詞,セキュリティ,8
名詞,リリース,8
名詞,障害,8
名詞,速度,8
名詞,採用,8
名詞,性能,8
名詞,強化,8
名詞,充電,8
名詞,現場,8
名詞,展開,8
名詞,簡単,8
名詞,大学,8
名詞,macos,7
名詞,mit,7
名詞,uber,7
名詞,自動化,7
名詞,子会社,7
名詞,生成,7
名詞,ギガ,7
名詞,事業,7
名詞,家電,7
名詞,連携,7
名詞,実力,7
名詞,診断,7
名詞,アップデート,7
名詞,最大,7
名詞,社長,7
名詞,メッセージ,7
名詞,影響,7
名詞,ネット,7
名詞,版,7
名詞,可能性,7
名詞,配信,7
名詞,Twitter,7
名詞,車,7
名詞,相談,7
名詞,以上,7
名詞,顔,7
名詞,無線lan,6
名詞,ceo,6
名詞,ev,6
名詞,2億円,6
名詞,イーサ,6
名詞,デジタル化,6
名詞,linux,6
名詞,siri,6
名詞,vr,6
名詞,se,6
名詞,暗号通貨,6
名詞,テック,6
名詞,技術者,6
名詞,テスラ,6
名詞,参入,6
名詞,mac,6
名詞,ネットワーク,6
名詞,共同,6
名詞,エンジニア,6
名詞,人材,6
名詞,新型,6
名詞,戦略,6
名詞,シェア,6
名詞,パスワード,6
名詞,決済,6
名詞,加速,6
名詞,比較,6
名詞,不満,6
名詞,支援,6
名詞,オープン,6
名詞,銀,6
名詞,専用,6
名詞,被害,6
名詞,7月,6
名詞,再開,6
名詞,計画,6
名詞,禁止,6
名詞,ソフト,6
名詞,進化,6
名詞,ソフトバンク,6
名詞,実装,6
名詞,初,6
名詞,成功,6
名詞,壁,6
名詞,映像,6
名詞,方法,6
名詞,検索,6
名詞,期待,6
名詞,完全,6
名詞,問題,6
名詞,samsung,5
名詞,オープンソース,5
名詞,aws,5
名詞,webサイト,5
名詞,データセンター,5
名詞,os,5
名詞,5億円,5
名詞,ファンド,5
名詞,sns,5
名詞,海賊版,5
名詞,採掘,5
名詞,ブロックチェーン,5
名詞,規格,5
名詞,10億,5
名詞,位置情報,5
名詞,ハイテク,5
名詞,設立,5
名詞,Apple Watch,5
名詞,競争,5
名詞,行政,5
名詞,手法,5
名詞,自律,5
名詞,住宅,5
名詞,web,5
名詞,設計,5
名詞,社内,5
名詞,検証,5
名詞,正式,5
名詞,防止,5
名詞,経営,5
名詞,まとめ,5
名詞,デマ,5
名詞,国内,5
名詞,学習,5
名詞,構築,5
名詞,生産,5
名詞,安,5
名詞,タブレット,5
名詞,不要,5
名詞,音声,5
名詞,業界,5
名詞,作成,5
名詞,制作,5
名詞,社員,5
名詞,解消,5
名詞,高速,5
名詞,コード,5
名詞,アマゾン,5
名詞,m,5
名詞,決定,5
名詞,評価,5
名詞,激,5
名詞,販売,5
名詞,魅力,5
名詞,登録,5
名詞,便利,5
名詞,距離,5
名詞,YouTube,5
名詞,開催,5
名詞,ニュース,5
名詞,攻撃,5
名詞,課題,5
名詞,報告,5
名詞,海外,5
名詞,シリーズ,5
名詞,行動,5
名詞,ごと,5
名詞,メール,5
名詞,人気,5
名詞,チーム,5
名詞,会話,5
名詞,追加,5
名詞,音楽,5
名詞,時代,5
名詞,あなた,5
名詞,画像,5
名詞,大阪,5
名詞,夢,5
名詞,写真,5
名詞,zte,4
名詞,watchos,4
名詞,macos mojave,4
名詞,ibm,4
名詞,messenger,4
名詞,api,4
名詞,azure,4
名詞,マンガアプリ,4
名詞,nasa,4
名詞,0m,4
名詞,airbnb,4
名詞,自動運転車,4
名詞,w杯,4
名詞,ms,4
名詞,刷新,4
名詞,fb,4
名詞,情報漏洩,4
名詞,cpu,4
名詞,脆弱性,4
名詞,5g,4
名詞,e3,4
名詞,書類送検,4
名詞,死亡事故,4
名詞,世界初,4
名詞,最適化,4
名詞,富士通,4
名詞,検知,4
名詞,パナ,4
名詞,画期的,4
名詞,民泊,4
名詞,取り組み,4
名詞,テクノロジー,4
名詞,コンテナ,4
名詞,日立,4
名詞,時速,4
名詞,研究者,4
名詞,one,4
名詞,産業,4
名詞,マイクロソフト,4
名詞,グーグル,4
名詞,実態,4
名詞,削減,4
名詞,応用,4
名詞,10円,4
名詞,脅威,4
名詞,測定,4
名詞,目玉,4
名詞,機器,4
名詞,独自,4
名詞,兵器,4
名詞,向上,4
名詞,オフィス,4
名詞,正体,4
名詞,深刻,4
名詞,分野,4
名詞,廃止,4
名詞,危機,4
名詞,増,4
名詞,ケーブル,4
名詞,仕組み,4
名詞,工場,4
名詞,サーバー,4
名詞,買取,4
名詞,予測,4
名詞,調査,4
名詞,獲得,4
名詞,地図,4
名詞,銀行,4
名詞,製品,4
名詞,トラブル,4
名詞,移行,4
名詞,配置,4
名詞,教育,4
名詞,キーボード,4
名詞,共有,4
名詞,継続,4
名詞,突破,4
名詞,メディア,4
名詞,発想,4
名詞,人類,4
名詞,リーダー,4
名詞,価格,4
名詞,代表,4
名詞,事情,4
名詞,オンライン,4
名詞,罪,4
名詞,会員,4
名詞,回避,4
名詞,複数,4
名詞,事前,4
名詞,計算,4
名詞,改善,4
名詞,操作,4
名詞,キロ,4
名詞,p,4
名詞,モード,4
名詞,メルカリ,4
名詞,誕生,4
名詞,表示,4
名詞,3つ,4
名詞,サイト,4
名詞,c,4
名詞,放置,4
名詞,未来,4
名詞,動き,4
名詞,成長,4
名詞,サッカー,4
名詞,取引,4
名詞,デザイン,4
名詞,ケース,4
名詞,イヤホン,4
名詞,グループ,4
名詞,地震,4
名詞,失敗,4
名詞,通知,4
名詞,投稿,4
名詞,番組,4
名詞,携帯,4
名詞,撮影,4
名詞,リアル,4
名詞,トイレ,4
名詞,やる気,4
名詞,1時間,4
名詞,氏,4
名詞,作業,4
名詞,1枚,4
名詞,確認,4
名詞,予約,4
名詞,風,4
名詞,情報,4
名詞,結果,4
名詞,スタート,4
名詞,参加,4
名詞,レベル,4
名詞,ライブ,4
名詞,ダークモード,3
名詞,wan,3
名詞,tesla,3
名詞,oss,3
名詞,niantic,3
名詞,memoji,3
名詞,lpwa,3
名詞,lanケーブル,3
名詞,kddi,3
名詞,google earth,3
名詞,creator,3
名詞,3dプリンター,3
名詞,モハベ,3
名詞,windows 10,3
名詞,みずほ証券,3
名詞,app store,3
名詞,nas,3
名詞,asus,3
名詞,イーロン・マスク,3
名詞,hub,3
名詞,超小型,3
名詞,firefox,3
名詞,4億円,3
名詞,チャットボット,3
名詞,intel,3
名詞,ec,3
名詞,docker,3
名詞,ローンチ,3
名詞,暗号化,3
名詞,顔認識,3
名詞,xbox,3
名詞,基幹,3
名詞,共同開発,3
名詞,bluetooth,3
名詞,usb,3
名詞,デベロッパー,3
名詞,トラッキング,3
名詞,chrome,3
名詞,echo,3
名詞,起業家,3
名詞,カ国,3
名詞,全貌,3
名詞,変革,3
名詞,tv,3
名詞,激化,3
名詞,ハイエンド,3
名詞,機械学習,3
名詞,親会社,3
名詞,ミクシィ,3
名詞,養殖,3
名詞,アプリケーション,3
名詞,ディープラーニング,3
名詞,日本企業,3
名詞,プロジェクター,3
名詞,1億円,3
名詞,サービス開始,3
名詞,ブロガー,3
名詞,ストリーミング,3
名詞,全米,3
名詞,ソフトウェア,3
名詞,フェイスブック,3
名詞,開発者,3
名詞,9%,3
名詞,windows,3
名詞,追跡,3
名詞,殺到,3
名詞,次期,3
名詞,基盤,3
名詞,金融,3
名詞,次世代,3
名詞,特許,3
名詞,暗号,3
名詞,時価総額,3
名詞,プライバシー,3
名詞,pad,3
名詞,ストレージ,3
名詞,電動,3
名詞,連合,3
名詞,インフラ,3
名詞,飛行,3
名詞,シャープ,3
名詞,続出,3
名詞,内蔵,3
名詞,ワイヤレス,3
名詞,欧州,3
名詞,自動的,3
名詞,農業,3
名詞,資生堂,3
名詞,専門家,3
名詞,表明,3
名詞,大規模,3
名詞,警告,3
名詞,砂漠,3
名詞,プログラミング,3
名詞,走行,3
名詞,デスクトップ,3
名詞,空中,3
名詞,制御,3
名詞,超,3
名詞,実用,3
名詞,ディスプレイ,3
名詞,センサー,3
名詞,適切,3
名詞,標準,3
名詞,強力,3
名詞,東大,3
名詞,斬新,3
名詞,開設,3
名詞,ソニー,3
名詞,チップ,3
名詞,部門,3
名詞,適用,3
名詞,5億,3
名詞,人工知能,3
名詞,個人情報,3
名詞,デモ,3
名詞,カー,3
名詞,精度,3
名詞,不正,3
名詞,翻訳,3
名詞,部下,3
名詞,医師,3
名詞,オーナー,3
名詞,ドライバー,3
名詞,コツ,3
名詞,プログラム,3
名詞,インターネット,3
名詞,レストラン,3
名詞,最速,3
名詞,ムービー,3
名詞,動作,3
名詞,メジャー,3
名詞,規模,3
名詞,警戒,3
名詞,保証,3
名詞,自作,3
名詞,1万円,3
名詞,監視,3
名詞,開放,3
名詞,ワールドカップ,3
名詞,若者,3
名詞,タブ,3
名詞,特徴,3
名詞,機種,3
名詞,犯罪,3
名詞,リアルタイム,3
名詞,クルマ,3
名詞,提案,3
名詞,k,3
名詞,電波,3
名詞,マップ,3
名詞,予算,3
名詞,端末,3
名詞,設置,3
名詞,注目,3
名詞,ファイル,3
名詞,再現,3
名詞,Wi-Fi,3
名詞,外国人,3
名詞,開幕,3
名詞,日産,3
名詞,質,3
名詞,達成,3
名詞,混乱,3
名詞,解除,3
名詞,容量,3
名詞,狙い,3
名詞,指定,3
名詞,解禁,3
名詞,快適,3
名詞,バージョン,3
名詞,解説,3
名詞,安全,3
名詞,ペン,3
名詞,充実,3
名詞,試験,3
名詞,警察,3
名詞,10年,3
名詞,電気,3
名詞,キャラクター,3
名詞,申請,3
名詞,意外,3
名詞,ベース,3
名詞,対,3
名詞,2018年,3
名詞,自宅,3
名詞,体験,3
名詞,価値,3
名詞,発生,3
名詞,ブログ,3
名詞,ロック,3
名詞,把握,3
名詞,子ども,3
名詞,完了,3
名詞,上司,3
名詞,b,3
名詞,睡眠,3
名詞,スキル,3
名詞,旅,3
名詞,学生,3
名詞,変更,3
名詞,注意,3
名詞,チェック,3
名詞,大量,3
名詞,限界,3
名詞,付き,3
名詞,表情,3
名詞,質問,3
名詞,原因,3
名詞,サイズ,3
名詞,効果,3
名詞,検討,3
名詞,環境,3
名詞,予想,3
名詞,感覚,3
名詞,ホテル,3
名詞,終了,3
名詞,旅行,3
名詞,存在,3
名詞,設定,3
名詞,理解,3
名詞,作品,3
名詞,音,3
名詞,ダメ,3
名詞,最高,3
名詞,仕事,3
名詞,顔認識システム,2
名詞,針路,2
名詞,連邦地裁,2
名詞,起業支援,2
名詞,提供開始,2
名詞,折りたたみ式,2
名詞,三菱ufj,2
名詞,ランサムウエア,2
名詞,フィットネストラッカー,2
名詞,ゲーミングスマートフォン,2
名詞,オルトコイン,2
名詞,ウミトロン,2
名詞,ウェブブラウザ,2
名詞,wpa,2
名詞,waymo,2
名詞,volvo,2
名詞,time warner,2
名詞,tencent,2
名詞,techcrunch,2
名詞,sphero,2
名詞,speaksee,2
名詞,smbc日興証券,2
名詞,sigfox,2
名詞,parrot,2
名詞,openai,2
名詞,nttデータ,2
名詞,nintendo switch,2
名詞,nic,2
名詞,nee,2
名詞,mac app store,2
名詞,lyft,2
名詞,kubernetes,2
名詞,it企業,2
名詞,iosアプリ,2
名詞,igtv,2
名詞,hololens,2
名詞,googleアシスタント,2
名詞,google lens,2
名詞,google assistant,2
名詞,gmo,2
名詞,gdpr,2
名詞,ford,2
名詞,face id,2
名詞,disrupt,2
名詞,cto,2
名詞,bose,2
名詞,bbc,2
名詞,autopilot,2
名詞,at&t,2
名詞,arm,2
名詞,arkit,2
名詞,anafi,2
名詞,amd,2
名詞,alibaba,2
名詞,249ドル,2
名詞,$4,2
名詞,スーパーコンピューター,2
名詞,ファウンダー,2
名詞,ファイルサーバー,2
名詞,ssl,2
名詞,foundation,2
名詞,disney,2
名詞,5項目,2
名詞,東プレ,2
名詞,害毒,2
名詞,nec,2
名詞,人工知能学会,2
名詞,apple pay,2
名詞,amazon echo,2
名詞,更改,2
名詞,サプライチェーン,2
名詞,$2,2
名詞,自動運転技術,2
名詞,完全自動運転,2
名詞,tdd,2
名詞,suite,2
名詞,宮部,2
名詞,ヤングマガジン,2
名詞,fire tv,2
名詞,bitcoin,2
名詞,提供元,2
名詞,ミシガン,2
名詞,サードパーティー,2
名詞,zenfone,2
名詞,mojave,2
名詞,chromebook,2
名詞,$1,2
名詞,カリフォルニア州,2
名詞,jal,2
名詞,仮想化,2
名詞,huawei,2
名詞,トラフィック,2
名詞,google home,2
名詞,75億,2
名詞,宅配ロッカー,2
名詞,サムスン電子,2
名詞,オーディオブック,2
名詞,量子コンピュータ,2
名詞,課題解決,2
名詞,伝道,2
名詞,深層学習,2
名詞,sf,2
名詞,nvidia,2
名詞,40万人,2
名詞,熱視線,2
名詞,拡張現実,2
名詞,外骨格,2
名詞,拡張機能,2
名詞,ci,2
名詞,fox,2
名詞,医療機器,2
名詞,sd,2
名詞,cube,2
名詞,bmw,2
名詞,ラップトップ,2
名詞,エディター,2
名詞,xp,2
名詞,galaxy,2
名詞,仮想通貨取引所,2
名詞,トランシーバー,2
名詞,ポッドキャスト,2
名詞,5000万円,2
名詞,配信サービス,2
名詞,ana,2
名詞,51%,2
名詞,研究開発,2
名詞,秘密裏,2
名詞,老朽,2
名詞,プラットホーム,2
名詞,ico,2
名詞,中核,2
名詞,新薬,2
名詞,gmail,2
名詞,6月15日,2
名詞,2021年,2
名詞,格安sim,2
名詞,mode,2
名詞,dmm,2
名詞,立体的,2
名詞,再生可能エネルギー,2
名詞,クレーム対応,2
名詞,app,2
名詞,海中,2
名詞,使用可能,2
名詞,大気,2
名詞,摘発,2
名詞,excel,2
名詞,project,2
名詞,図解,2
名詞,スローモーション,2
名詞,劇薬,2
名詞,60年代,2
名詞,ベータ版,2
名詞,アリババ,2
名詞,スモール,2
名詞,根回し,2
名詞,news,2
名詞,関門,2
名詞,今秋,2
名詞,当局,2
名詞,デバッグ,2
名詞,進行中,2
名詞,pdf,2
名詞,透視,2
名詞,super,2
名詞,注意点,2
名詞,fire,2
名詞,土壇場,2
名詞,製造業,2
名詞,流儀,2
名詞,イノベーション,2
名詞,決裁,2
名詞,who,2
名詞,正念場,2
名詞,着目,2
名詞,サイバーエージェント,2
名詞,blender,2
名詞,アンロック,2
名詞,低価格,2
名詞,自在,2
名詞,cd,2
名詞,ワザ,2
名詞,6億,2
名詞,hp,2
名詞,注力,2
名詞,主導権,2
名詞,新機種,2
名詞,水産,2
名詞,可視,2
名詞,航空機,2
名詞,itunes,2
名詞,ハッカー,2
名詞,選び方,2
名詞,データベース,2
名詞,ベンチャー,2
名詞,展望,2
名詞,トロント,2
名詞,能力者,2
名詞,定規,2
名詞,横並び,2
名詞,編集長,2
名詞,傘下,2
名詞,ポータブル,2
名詞,至急,2
名詞,what,2
名詞,認可,2
名詞,外観,2
名詞,ハッキング,2
名詞,電気自動車,2
名詞,ウォレット,2
名詞,show,2
名詞,火花,2
名詞,avex,2
名詞,軽量,2
名詞,ステーション,2
名詞,北部,2
名詞,出戻り,2
名詞,コンピュータ,2
名詞,集客,2
名詞,感知,2
名詞,オランダ,2
名詞,クラウドファンディング,2
名詞,最小,2
名詞,救世主,2
名詞,ipad,2
名詞,買い取り,2
名詞,乗客,2
名詞,水中,2
名詞,遮断,2
名詞,完備,2
名詞,ズボラ,2
名詞,多様性,2
名詞,3億,2
名詞,music,2
名詞,滑らか,2
名詞,nhk,2
名詞,従来,2
名詞,購買,2
名詞,高性能,2
名詞,追撃,2
名詞,スイス,2
名詞,翻弄,2
名詞,ハイブリッド,2
名詞,倫理,2
名詞,総額,2
名詞,your,2
名詞,vc,2
名詞,70%,2
名詞,ガジェット,2
名詞,チームラボ,2
名詞,steam,2
名詞,持続,2
名詞,6割,2
名詞,4k,2
名詞,改正,2
名詞,推進,2
名詞,捜査,2
名詞,ルーター,2
名詞,事例,2
名詞,面積,2
名詞,1000人,2
名詞,懸念,2
名詞,多発,2
名詞,vtuber,2
名詞,鮮明,2
名詞,役員,2
名詞,ポケモンgo,2
名詞,訴訟,2
名詞,到来,2
名詞,ショートカット,2
名詞,習得,2
名詞,始動,2
名詞,用途,2
名詞,網,2
名詞,受注,2
名詞,pro,2
名詞,音響,2
名詞,悪質,2
名詞,クックパッド,2
名詞,エフェクト,2
名詞,メートル,2
名詞,5つ,2
名詞,欠点,2
名詞,月額,2
名詞,推測,2
名詞,2種類,2
名詞,シティ,2
名詞,数々,2
名詞,受賞,2
名詞,原点,2
名詞,拠点,2
名詞,サイクル,2
名詞,妨害,2
名詞,オーストラリア,2
名詞,7割,2
名詞,タスク,2
名詞,キット,2
名詞,独立,2
名詞,常時,2
名詞,策,2
名詞,ペーパー,2
名詞,収集,2
名詞,違法,2
名詞,増加,2
名詞,ok,2
名詞,ポルシェ,2
名詞,両立,2
名詞,ウイルス,2
名詞,アジア,2
名詞,都市,2
名詞,働き方改革,2
名詞,手のひら,2
名詞,訪問,2
名詞,外部,2
名詞,移植,2
名詞,17歳,2
名詞,軽減,2
名詞,コミック,2
名詞,プラチナ,2
名詞,g,2
名詞,e,2
名詞,実施,2
名詞,保管,2
名詞,国家,2
名詞,インド,2
名詞,ロボ,2
名詞,クロス,2
名詞,政策,2
名詞,大幅,2
名詞,整備,2
名詞,困難,2
名詞,承認,2
名詞,大人気,2
名詞,争い,2
名詞,バックアップ,2
名詞,調理,2
名詞,出現,2
名詞,2019年,2
名詞,エレベーター,2
名詞,アクセス,2
名詞,バーチャル,2
名詞,米軍,2
名詞,総合,2
名詞,法律,2
名詞,発展,2
名詞,本格,2
名詞,実行,2
名詞,製,2
名詞,言語,2
名詞,医療,2
名詞,認定,2
名詞,ZOZO,2
名詞,巨大,2
名詞,コントロール,2
名詞,レス,2
名詞,9.,2
名詞,僕ら,2
名詞,罠,2
名詞,トヨタ,2
名詞,対抗,2
名詞,おススメ,2
名詞,pixiv,2
名詞,パッケージ,2
名詞,待った,2
名詞,保護,2
名詞,眼,2
名詞,究極,2
名詞,周囲,2
名詞,取得,2
名詞,幻,2
名詞,議論,2
名詞,政府,2
名詞,宿泊,2
名詞,決意,2
名詞,インストール,2
名詞,キャリア,2
名詞,100万,2
名詞,重視,2
名詞,意図,2
名詞,実験,2
名詞,厄介,2
名詞,眠り,2
名詞,組織,2
名詞,世界一,2
名詞,制度,2
名詞,コスト,2
名詞,師,2
名詞,一時,2
名詞,スコア,2
名詞,生まれ,2
名詞,緊急,2
名詞,共通,2
名詞,体感,2
名詞,判明,2
名詞,3000円,2
名詞,年間,2
名詞,ハンバーガー,2
名詞,入力,2
名詞,モニター,2
名詞,視点,2
名詞,多数,2
名詞,波,2
名詞,停止,2
名詞,規制,2
名詞,物理,2
名詞,絵文字,2
名詞,24時間,2
名詞,維持,2
名詞,switch,2
名詞,指摘,2
名詞,変身,2
名詞,楽曲,2
名詞,バッテリー,2
名詞,宣言,2
名詞,構成,2
名詞,おしゃれ,2
名詞,100円,2
名詞,修理,2
名詞,乗り,2
名詞,キャンセル,2
名詞,宇宙,2
名詞,級,2
名詞,ブランド,2
名詞,コンテンツ,2
名詞,中止,2
名詞,記録,2
名詞,時計,2
名詞,レジ,2
名詞,拡散,2
名詞,変換,2
名詞,ノート,2
名詞,相性,2
名詞,負担,2
名詞,マウス,2
名詞,必須,2
名詞,マンガ,2
名詞,トップ,2
名詞,冷蔵庫,2
名詞,キー,2
名詞,処理,2
名詞,自撮り,2
名詞,物語,2
名詞,スポーツ,2
名詞,確保,2
名詞,契約,2
名詞,支払い,2
名詞,勝負,2
名詞,否定,2
名詞,視聴,2
名詞,1度,2
名詞,編集,2
名詞,8月,2
名詞,制限,2
名詞,位置,2
名詞,新規,2
名詞,強,2
名詞,バトル,2
名詞,飛行機,2
名詞,危険,2
名詞,能力,2
名詞,2年,2
名詞,発,2
名詞,店舗,2
名詞,使い,2
名詞,駄目,2
名詞,社会,2
名詞,香り,2
名詞,不足,2
名詞,ページ,2
名詞,約束,2
名詞,仕様,2
名詞,窓,2
名詞,判断,2
名詞,悩み,2
名詞,事件,2
名詞,挑戦,2
名詞,スーツ,2
名詞,運動,2
名詞,カラー,2
名詞,解決,2
名詞,韓国,2
名詞,結婚式,2
名詞,ミス,2
名詞,チャレンジ,2
名詞,作り,2
名詞,機,2
名詞,チャット,2
名詞,目標,2
名詞,鍵,2
名詞,がち,2
名詞,商品,2
名詞,空,2
名詞,中身,2
名詞,テーブル,2
名詞,アップ,2
名詞,プロ,2
名詞,ブロック,2
名詞,思い,2
名詞,事故,2
名詞,スマブラ,2
名詞,連続,2
名詞,話題,2
名詞,文字,2
名詞,たび,2
名詞,箱,2
名詞,ツアー,2
名詞,個人,2
名詞,転職,2
名詞,紹介,2
名詞,現実,2
名詞,更新,2
名詞,気軽,2
名詞,今月,2
名詞,状況,2
名詞,件,2
名詞,限り,2
名詞,課金,2
名詞,過去,2
名詞,今後,2
名詞,1年,2
名詞,本気,2
名詞,ストーリー,2
名詞,アイドル,2
名詞,購入,2
名詞,公式,2
名詞,試合,2
名詞,アイコン,2
名詞,カード,2
名詞,コラボ,2
名詞,通り,2
名詞,内容,2
名詞,家族,2
名詞,準備,2
名詞,物,2
名詞,状態,2
名詞,テレビ,2
名詞,味,2
名詞,嫌い,2
名詞,子供,2
名詞,足,2
名詞,色,2
名詞,必要,2
名詞,交換,2
名詞,学校,2
名詞,幸せ,2
名詞,イベント,2
名詞,名前,2
名詞,ー,2
名詞,駿台グループ,1
名詞,顧客サービス,1
名詞,顔認証技術,1
名詞,音楽教育,1
名詞,電力小売,1
名詞,釜石市民ホール,1
名詞,金融サービス,1
名詞,邦銀,1
名詞,遊軍,1
名詞,近鉄グループ,1
名詞,農務省,1
名詞,軍用車両,1
名詞,越境ec,1
名詞,超高速,1
名詞,超音速旅客機,1
名詞,警告無視,1
名詞,誤判定,1
名詞,訪日外国人観光客,1
名詞,見えない部分,1
名詞,継続的インテグレーション,1
名詞,窮状,1
名詞,移動型,1
名詞,称賛の声,1
名詞,知財高裁,1
名詞,皮膚がん,1
名詞,異常検知,1
名詞,災害伝言板,1
名詞,消費者視点,1
名詞,流通事業,1
名詞,決済手数料,1
名詞,決定木,1
名詞,樫尾和雄,1
名詞,標的型攻撃,1
名詞,樋口氏,1
名詞,東海東京,1
名詞,未来sf,1
名詞,木に竹を接ぐ,1
名詞,早期発見,1
名詞,日本人発明家,1
名詞,旅館業法,1
名詞,折り畳みスマホ,1
名詞,成果報酬型,1
名詞,情報検索,1
名詞,情報システム部門,1
名詞,急伸,1
名詞,広告キャンペーン,1
名詞,年齢差別,1
名詞,少額短期保険業,1
名詞,小池都政,1
名詞,小売市場,1
名詞,守秘,1
名詞,学習性無力感,1
名詞,女性初,1
名詞,大阪府北部地震,1
名詞,墨塗り,1
名詞,地球近傍天体,1
名詞,国家主導,1
名詞,営農,1
名詞,商標侵害,1
名詞,品質評価,1
名詞,命令セット,1
名詞,取締役会長,1
名詞,取引停止命令,1
名詞,医用,1
名詞,北緯,1
名詞,加入電話,1
名詞,共同運営,1
名詞,元従業員,1
名詞,企業ブランディング,1
名詞,事業部門,1
名詞,事業承継,1
名詞,予約サービス,1
名詞,予備調査,1
名詞,九州商船,1
名詞,中間者攻撃,1
名詞,不動産テック,1
名詞,一本化,1
名詞,ーージラフ,1
名詞,ロボットカーキット,1
名詞,レーザー距離計,1
名詞,レトロデザイン,1
名詞,レジロボ,1
名詞,レイオフ,1
名詞,リモートワーク,1
名詞,ライトセラピーデバイス,1
名詞,ユーザーミートアップ,1
名詞,メキシコ国境,1
名詞,メイプルシステムズ,1
名詞,ミー文字,1
名詞,ミレニアム・ファルコン,1
名詞,ミュージックフェス,1
名詞,ミニセグウェイ,1
名詞,ミニゴルフ,1
名詞,マーケットプレース,1
名詞,マルチコプター,1
名詞,マルシェアプリ,1
名詞,マリオットホテル,1
名詞,マスターチーフ,1
名詞,ポートレイツ,1
名詞,ベン・ホロウィッツ,1
名詞,ベンダーロックイン,1
名詞,ベゾス,1
名詞,ブイキューブ,1
名詞,フーモア,1
名詞,フレセッツ,1
名詞,フルック,1
名詞,フリーワーク,1
名詞,フィラデルフィア・イーグルス,1
名詞,ピクチャインピクチャモード,1
名詞,ビジネスアプリ,1
名詞,パーデュー,1
名詞,パーソナライゼーション,1
名詞,パネイル,1
名詞,パスワードマネージャー,1
名詞,バージョニング,1
名詞,バカン,1
名詞,バイオハ,1
名詞,バイオテク,1
名詞,ハモンズ,1
名詞,ハッカーグループ,1
名詞,ハイパーコンバージドデータプラットホーム,1
名詞,ネット中毒,1
名詞,ネットワークカメラ,1
名詞,ナノルクス,1
名詞,トロント大学,1
名詞,トライコーダー,1
名詞,データ分析,1
名詞,データガバナンス,1
名詞,デミング,1
名詞,デジタルシングルマーケット,1
名詞,デザイン言語,1
名詞,ディノス・セシール,1
名詞,ディスクアレイ,1
名詞,テスト駆動開発,1
名詞,ダークパターン,1
名詞,タイニーハウス,1
名詞,ゾエトロープ,1
名詞,ソラコム,1
名詞,ソフトウェア特許,1
名詞,セントラル・ステーション,1
名詞,セットトップボックス,1
名詞,スーザン・ケア,1
名詞,スマートフォン市場,1
名詞,スペースデブリ,1
名詞,スピードボート,1
名詞,ステレオカメラ,1
名詞,スティッカー,1
名詞,スクルー,1
名詞,ジョン・オリバー,1
名詞,ジオロジック,1
名詞,シングルソケットチップ,1
名詞,シャドーit,1
名詞,システムイメージ,1
名詞,シカゴ大学,1
名詞,サードパーティー製,1
名詞,サスメド,1
名詞,サイバーコロッセオ,1
名詞,コンテンツ規制,1
名詞,コラボロイド,1
名詞,コラボオフィス,1
名詞,コネクテッドカー,1
名詞,クロスロケーションス,1
名詞,クラウドーシング,1
名詞,キュレート,1
名詞,キックスクーターシェアリング,1
名詞,ガラケーサイト,1
名詞,カナダ企業,1
名詞,オートパイロット,1
名詞,オンライン家庭教師,1
名詞,オニロボ,1
名詞,エムドットツー,1
名詞,エネルギー省,1
名詞,エッジブレンディング,1
名詞,ウーバーライゼーション,1
名詞,ウォーキートーキー,1
名詞,ウォレットアプリ,1
名詞,ウェブストア,1
名詞,ウェアラブルデバイス,1
名詞,インドの鉄道,1
名詞,インダストリー4.0,1
名詞,インキュベーション,1
名詞,アンディ・サーキス,1
名詞,アポイントメント,1
名詞,アニ文字,1
名詞,アジャイル開発,1
名詞,アグテック,1
名詞,アカマイ,1
名詞,アイモバイル,1
名詞,アイキューブドシステムズ,1
名詞,が,1
名詞,やる気スイッチ,1
名詞,お金のデザイン,1
名詞,いいね！,1
名詞,あなたかもしれない,1
名詞,zume,1
名詞,zenaton,1
名詞,zehitomo,1
名詞,zeh,1
名詞,youtube premium,1
名詞,yappli,1
名詞,y2k,1
名詞,xiaomi,1
名詞,xamrin,1
名詞,wyze,1
名詞,windows xp,1
名詞,wework,1
名詞,webサーバー,1
名詞,wayz,1
名詞,wavethrough,1
名詞,watson,1
名詞,wardrobe,1
名詞,walkie,1
名詞,vrize,1
名詞,vpnfilter,1
名詞,vmware,1
名詞,vivoactive,1
名詞,virustotal,1
名詞,versa,1
名詞,venom,1
名詞,utec,1
名詞,urdoc,1
名詞,univision,1
名詞,udacity,1
名詞,tvos,1
名詞,trendkite,1
名詞,transfer,1
名詞,transcend,1
名詞,tracy,1
名詞,tracking,1
名詞,tracelink,1
名詞,tqm,1
名詞,top500,1
名詞,time誌,1
名詞,theo,1
名詞,tetto,1
名詞,terramaster,1
名詞,tensorflow,1
名詞,telegram,1
名詞,taycan,1
名詞,talkie,1
名詞,tabletop,1
名詞,streetview,1
名詞,stayway,1
名詞,squarespace,1
名詞,sql server,1
名詞,solarstratos,1
名詞,soelu,1
名詞,so what,1
名詞,smokebot,1
名詞,smartjacket,1
名詞,smartibot,1
名詞,slomo,1
名詞,sleepbuds,1
名詞,skylake,1
名詞,sier,1
名詞,shortcuts,1
名詞,shooter,1
名詞,shakr,1
名詞,seqsense,1
名詞,sensorwake,1
名詞,second life,1
名詞,scoutfm,1
名詞,scout,1
名詞,sas,1
名詞,sap,1
名詞,rymek,1
名詞,runvi,1
名詞,rssリーダー,1
名詞,rss,1
名詞,rookout,1
名詞,rfidシステム,1
名詞,raspberry pi,1
名詞,radeon,1
名詞,qubii,1
名詞,qrコード決済,1
名詞,qrコード,1
名詞,puma×mit,1
名詞,prevention,1
名詞,pixelbook,1
名詞,pixel 2,1
名詞,pillpack,1
名詞,pigeon,1
名詞,phade,1
名詞,pegasi,1
名詞,p2p,1
名詞,ovis,1
名詞,outsystems,1
名詞,ords,1
名詞,oracle,1
名詞,onyx,1
名詞,ofo,1
名詞,odm,1
名詞,oculus vr,1
名詞,occlusion,1
名詞,nuzzelrank,1
名詞,nutanix,1
名詞,nttドコモ,1
名詞,nttコム,1
名詞,ntsb,1
名詞,nssol,1
名詞,neogeo,1
名詞,nel,1
名詞,mymac,1
名詞,mylo,1
名詞,muwi,1
名詞,murel,1
名詞,mumm,1
名詞,mpu,1
名詞,mozilla,1
名詞,moviemask,1
名詞,moto g,1
名詞,motivate,1
名詞,morpheus,1
名詞,mongodb,1
名詞,mof,1
名詞,misoca,1
名詞,mesh,1
名詞,mediapad,1
名詞,mavic,1
名詞,mapfit,1
名詞,manjaro,1
名詞,manabo,1
名詞,makr,1
名詞,m&a,1
名詞,lumada,1
名詞,lte,1
名詞,lsi,1
名詞,lpi,1
名詞,lixil,1
名詞,literacy,1
名詞,license,1
名詞,libreoffice,1
名詞,leica,1
名詞,leena,1
名詞,kuraseru,1
名詞,komerco,1
名詞,kkr,1
名詞,kindle unlimited,1
名詞,kickstarter,1
名詞,kibela,1
名詞,keyone,1
名詞,kessai,1
名詞,keepsafe,1
名詞,kamuee,1
名詞,kaios,1
名詞,justincase,1
名詞,jetdrive,1
名詞,it活用,1
名詞,itインフラ,1
名詞,itug,1
名詞,itd,1
名詞,ipc,1
名詞,iotデバイス,1
名詞,ios 11,1
名詞,intelligent,1
名詞,intel core x,1
名詞,intel core i7,1
名詞,instavr,1
名詞,imaging,1
名詞,imagineer,1
名詞,ict教育,1
名詞,ict,1
名詞,ibooks,1
名詞,i8086,1
名詞,hyperloop,1
名詞,hutcamp,1
名詞,hsbc,1
名詞,hover,1
名詞,honk,1
名詞,holmes,1
名詞,hodlometer,1
名詞,hirshhorn,1
名詞,hhvm,1
名詞,helm,1
名詞,halo infinite,1
名詞,hailo,1
名詞,gui,1
名詞,guardbot,1
名詞,gqn,1
名詞,government,1
名詞,gosho,1
名詞,google wifi,1
名詞,google maps,1
名詞,google chrome,1
名詞,google calendar,1
名詞,goheart,1
名詞,gocam,1
名詞,gms,1
名詞,gitlab,1
名詞,gist,1
名詞,gigazine,1
名詞,gifmagazine,1
名詞,gentoo linux,1
名詞,generative,1
名詞,gan,1
名詞,funtasee,1
名詞,fund,1
名詞,frettable,1
名詞,fpt,1
名詞,fontcode,1
名詞,foci,1
名詞,flyer,1
名詞,fluent,1
名詞,fisker,1
名詞,fda,1
名詞,fbi,1
名詞,favy,1
名詞,farmcrowdy,1
名詞,exadata,1
名詞,evercam,1
名詞,etl,1
名詞,eqa,1
名詞,elisa,1
名詞,ecorobotics,1
名詞,echonet lite,1
名詞,duplex,1
名詞,dota 2,1
名詞,dji,1
名詞,dixon,1
名詞,didi,1
名詞,deeplens,1
名詞,deepfake,1
名詞,d-wave,1
名詞,cycling,1
名詞,cvc,1
名詞,csail,1
名詞,cruise,1
名詞,crm,1
名詞,cortana,1
名詞,comcast,1
名詞,collabs,1
名詞,coinbase,1
名詞,cohesity,1
名詞,codefresh,1
名詞,cmosセンサー,1
名詞,clusters,1
名詞,cleaner,1
名詞,classroom,1
名詞,circleci,1
名詞,cimon,1
名詞,cia,1
名詞,choole,1
名詞,chime,1
名詞,cheq,1
名詞,ceresimaging,1
名詞,ceres,1
名詞,ccix,1
名詞,carplay,1
名詞,c2c,1
名詞,byton,1
名詞,btob,1
名詞,brushup,1
名詞,brokers,1
名詞,bonsai,1
名詞,blueprints,1
名詞,ble,1
名詞,bithumb,1
名詞,bionicfinwave,1
名詞,beautigloo,1
名詞,aws lambda,1
名詞,audiobook,1
名詞,atoms,1
名詞,atavist,1
名詞,arアプリ,1
名詞,arrim,1
名詞,arch linux,1
名詞,apple tv,1
名詞,anypay,1
名詞,ansible,1
名詞,animoji,1
名詞,anduril,1
名詞,andreessen horowitz,1
名詞,ammazon,1
名詞,amazon alexa,1
名詞,aluminum,1
名詞,als,1
名詞,alphago,1
名詞,aiスピーカー,1
名詞,aiアシスタント,1
名詞,adversarial,1
名詞,abeja,1
名詞,a380,1
名詞,985m,1
名詞,800万人,1
名詞,8000億円,1
名詞,7年越し,1
名詞,78枚,1
名詞,6.6m,1
名詞,6.5度,1
名詞,59億円,1
名詞,54km,1
名詞,53度,1
名詞,5.5m,1
名詞,5.2g,1
名詞,4年越し,1
名詞,3dcg,1
名詞,32試合,1
名詞,2次電池,1
名詞,28コア,1
名詞,2800回,1
名詞,270万円,1
名詞,26億円,1
名詞,2400億円,1
名詞,22億円,1
名詞,2018年問題,1
名詞,1滴,1
名詞,1password,1
名詞,19億円,1
名詞,190回,1
名詞,189回,1
名詞,1600万円,1
名詞,12億円,1
名詞,128t,1
名詞,$8,1
名詞,$6,1
名詞,$25,1
名詞,誤検知,1
名詞,炎上対策,1
名詞,沖縄セルラー,1
名詞,差止,1
名詞,卒中,1
名詞,制裁金,1
名詞,公取委,1
名詞,ドイツ政府,1
名詞,ゴールドマン・サックス,1
名詞,アンチウイルス,1
名詞,remo,1
名詞,notebook,1
名詞,lineモバイル,1
名詞,line pay,1
名詞,eコマース,1
名詞,collaboration,1
名詞,campfire,1
名詞,award,1
名詞,anker,1
名詞,androidアプリ,1
名詞,11億円,1
名詞,金融街,1
名詞,物理キーボード,1
名詞,熊本市長,1
名詞,漁獲量,1
名詞,東京理科大,1
名詞,安全機能,1
名詞,宇宙ゴミ,1
名詞,字義,1
名詞,多面体,1
名詞,内部統制,1
名詞,二足歩行ロボット,1
名詞,中長,1
名詞,ファイルシステム,1
名詞,パブリックドメイン,1
名詞,ネット掲示板,1
名詞,スーパーマリオパーティ,1
名詞,ジェフ・ベゾス,1
名詞,サーバーレス,1
名詞,trio,1
名詞,suv,1
名詞,quad,1
名詞,outlook,1
名詞,orbit,1
名詞,nomad,1
名詞,maps,1
名詞,hhkb,1
名詞,hdmi,1
名詞,cancam,1
名詞,aaaa,1
名詞,空調機,1
名詞,木村氏,1
名詞,強化学習,1
名詞,広告媒体,1
名詞,ロボティクス,1
名詞,ロボットアーム,1
名詞,ダイムラー,1
名詞,xc,1
名詞,windows版,1
名詞,vivo,1
名詞,titan,1
名詞,shoes,1
名詞,messages,1
名詞,ios版,1
名詞,chris,1
名詞,6ドル,1
名詞,$3,1
名詞,順風,1
名詞,球状,1
名詞,新開発,1
名詞,新発,1
名詞,尼崎市,1
名詞,宇宙軍,1
名詞,大ざっぱ,1
名詞,地方税,1
名詞,国防長官,1
名詞,傍受,1
名詞,世界展開,1
名詞,一昼夜,1
名詞,ミニマリズム,1
名詞,プロセッサー,1
名詞,フィーチャーフォン,1
名詞,ヒスパニック,1
名詞,ニュースソース,1
名詞,サービス展開,1
名詞,コンセプトカー,1
名詞,コミック誌,1
名詞,コマンドライン,1
名詞,エミレーツ航空,1
名詞,エコシステム,1
名詞,アプリリリース,1
名詞,translate,1
名詞,ryzen,1
名詞,rolling,1
名詞,rainy,1
名詞,iphoneアプリ,1
名詞,iphone x,1
名詞,grab,1
名詞,education,1
名詞,display,1
名詞,daylight,1
名詞,anchor,1
名詞,17年度,1
名詞,金の卵,1
名詞,自動操縦,1
名詞,緊急通報,1
名詞,社会インフラ,1
名詞,情報流出,1
名詞,建設計画,1
名詞,公開鍵,1
名詞,令状,1
名詞,モジュラー,1
名詞,ビューアー,1
名詞,ドングル,1
名詞,デリバリーサービス,1
名詞,ゴールドマンサックス,1
名詞,キャップ投げ,1
名詞,uk,1
名詞,pan,1
名詞,mery,1
名詞,lip,1
名詞,ipv6,1
名詞,iphone se,1
名詞,gps,1
名詞,google翻訳,1
名詞,elite,1
名詞,digital,1
名詞,computer,1
名詞,cnn,1
名詞,cash,1
名詞,baidu,1
名詞,35億円,1
名詞,辞意,1
名詞,国際宇宙ステーション,1
名詞,国内企業,1
名詞,供用,1
名詞,ユーザベース,1
名詞,パーマー,1
名詞,クライスラー,1
名詞,soccer,1
名詞,pdfファイル,1
名詞,maker,1
名詞,iss,1
名詞,honda,1
名詞,firefly,1
名詞,click,1
名詞,choose,1
名詞,brand,1
名詞,罰金刑,1
名詞,海洋汚染,1
名詞,洗い出し,1
名詞,水耕栽培,1
名詞,新日鉄住金,1
名詞,政治運動,1
名詞,捜査機関,1
名詞,持続可能性,1
名詞,在席,1
名詞,収奪,1
名詞,元幹部,1
名詞,ソフトウェア開発,1
名詞,コンパクトカメラ,1
名詞,オシロスコープ,1
名詞,network,1
名詞,jd,1
名詞,cad,1
名詞,2.5m,1
名詞,無線通信,1
名詞,標準化,1
名詞,モトローラ,1
名詞,フィナンシャル,1
名詞,ファイル共有,1
名詞,ニコニコ漫画,1
名詞,テストケース,1
名詞,サッカーリーグ,1
名詞,エレクトロニクス,1
名詞,sumo,1
名詞,summit,1
名詞,nginx,1
名詞,co2,1
名詞,米国政府,1
名詞,方向指示器,1
名詞,一般社団法人,1
名詞,ベンチャーズ,1
名詞,チャットアプリ,1
名詞,vaio,1
名詞,sync,1
名詞,dick,1
名詞,active,1
名詞,8000万円,1
名詞,物流センター,1
名詞,業務改善命令,1
名詞,御用聞き,1
名詞,企業価値,1
名詞,ローミング,1
名詞,vroid,1
名詞,spider,1
名詞,pod,1
名詞,ny,1
名詞,nb,1
名詞,market,1
名詞,lab,1
名詞,fax,1
名詞,89歳,1
名詞,帳票,1
名詞,半自動,1
名詞,保守速報,1
名詞,三井物産,1
名詞,ルーティング,1
名詞,サイクリスト,1
名詞,アノマロカリス,1
名詞,アクセラレーション,1
名詞,わが身,1
名詞,xbox one,1
名詞,tc,1
名詞,顧客情報,1
名詞,要望書,1
名詞,虎の子,1
名詞,耐水性,1
名詞,森ビル,1
名詞,数社,1
名詞,数値化,1
名詞,抵抗勢力,1
名詞,切れ者,1
名詞,冬の時代,1
名詞,スペクトル,1
名詞,クラウド上,1
名詞,エアバス,1
名詞,windows update,1
名詞,sdカード,1
名詞,score,1
名詞,logic,1
名詞,eco,1
名詞,diy,1
名詞,90日間,1
名詞,40代女性,1
名詞,評価額,1
名詞,設計図共有サイト,1
名詞,規程,1
名詞,空席情報,1
名詞,債務超過,1
名詞,伊藤忠,1
名詞,ジラフ,1
名詞,oculus,1
名詞,icloud,1
名詞,flying,1
名詞,eu,1
名詞,beta,1
名詞,血圧測定,1
名詞,ワークフロー,1
名詞,ソーシャルメディア,1
名詞,インタラクティブ,1
名詞,アジャイル,1
名詞,cam,1
名詞,adobe,1
名詞,専有,1
名詞,ニューラルネットワーク,1
名詞,サッカースタジアム,1
名詞,けん制,1
名詞,lcc,1
名詞,fifa,1
名詞,books,1
名詞,9センチ,1
名詞,青函トンネル,1
名詞,特許侵害,1
名詞,マルウェア,1
名詞,ポジション争い,1
名詞,バイナリーオプション,1
名詞,データ転送,1
名詞,ガバメント,1
名詞,インキュベーター,1
名詞,ui,1
名詞,pcゲーム,1
名詞,memories,1
名詞,kyash,1
名詞,誤発注,1
名詞,航続距離,1
名詞,法人向け,1
名詞,即応,1
名詞,公開授業,1
名詞,ウェブページ,1
名詞,vision,1
名詞,nature,1
名詞,蜜蜂,1
名詞,怒りの声,1
名詞,地質,1
名詞,原体験,1
名詞,ブラウザー,1
名詞,expo,1
名詞,chat,1
名詞,auto,1
名詞,airpods,1
名詞,30代女性,1
名詞,10インチ,1
名詞,面取り,1
名詞,詐欺行為,1
名詞,聴覚障害者,1
名詞,海外展開,1
名詞,民主化,1
名詞,成層圏,1
名詞,協働,1
名詞,人為的,1
名詞,与信,1
名詞,メガンテ,1
名詞,アメリカ政府,1
名詞,csv,1
名詞,音声通話,1
名詞,核攻撃,1
名詞,実証実験,1
名詞,協業,1
名詞,レノボ,1
名詞,パーキンソン病,1
名詞,visa,1
名詞,spot,1
名詞,pin,1
名詞,global,1
名詞,高密度,1
名詞,無償提供,1
名詞,乳離れ,1
名詞,モントリオール,1
名詞,ファクトチェック,1
名詞,クロスプラットフォーム,1
名詞,イメージ図,1
名詞,しゅくだい,1
名詞,wp,1
名詞,ipo,1
名詞,ant,1
名詞,120m,1
名詞,稲作,1
名詞,改造機,1
名詞,ユニー,1
名詞,セキュリティ対策,1
名詞,スタントマン,1
名詞,mf,1
名詞,20億円,1
名詞,1インチ,1
名詞,電子回路,1
名詞,メニコン,1
名詞,ボーイング,1
名詞,ドルビーアトモス,1
名詞,データ管理,1
名詞,スポンサード,1
名詞,アイリスオーヤマ,1
名詞,lightning,1
名詞,畑違い,1
名詞,五番,1
名詞,デマ拡散,1
名詞,ウォーミング,1
名詞,rush,1
名詞,oculus go,1
名詞,50億円,1
名詞,鎌倉時代,1
名詞,次代,1
名詞,大気汚染,1
名詞,円筒,1
名詞,共同研究,1
名詞,優勝国,1
名詞,ドイツ代表,1
名詞,トップスピード,1
名詞,うつわ,1
名詞,wordpress,1
名詞,pinterest,1
名詞,af,1
名詞,低調,1
名詞,リポジトリ,1
名詞,シェアリング,1
名詞,コクヨ,1
名詞,lux,1
名詞,草間彌生,1
名詞,競り合い,1
名詞,無料化,1
名詞,深セン,1
名詞,植え込み,1
名詞,self,1
名詞,niconico,1
名詞,透明性,1
名詞,著作権法,1
名詞,競争力,1
名詞,水力,1
名詞,ロードマップ,1
名詞,ホンダジェット,1
名詞,システム障害,1
名詞,macbook pro,1
名詞,除草,1
名詞,通信機器,1
名詞,相互作用,1
名詞,借用,1
名詞,ワンストップ,1
名詞,ファナック,1
名詞,nem,1
名詞,f4,1
名詞,bp,1
名詞,7億円,1
名詞,44%,1
名詞,誘引,1
名詞,植民,1
名詞,hack,1
名詞,fitbit,1
名詞,90秒,1
名詞,送受信,1
名詞,組成,1
名詞,メルセデスベンツ,1
名詞,セーフティー,1
名詞,mate,1
名詞,550万,1
名詞,翻訳機能,1
名詞,供与,1
名詞,モアレ,1
名詞,simカード,1
名詞,safari,1
名詞,kai,1
名詞,cast,1
名詞,守衛,1
名詞,利用客,1
名詞,ランク付け,1
名詞,3000万円,1
名詞,掃除屋,1
名詞,帝人,1
名詞,増刊号,1
名詞,ゲンコラ,1
名詞,ssd,1
名詞,8m,1
名詞,認定試験,1
名詞,残業手当,1
名詞,多様化,1
名詞,原因究明,1
名詞,クリエーター,1
名詞,6月27日,1
名詞,英語教師,1
名詞,不正アクセス,1
名詞,ピッコマ,1
名詞,セブン&アイ,1
名詞,buy,1
名詞,5兆円,1
名詞,隠ぺい,1
名詞,入力ミス,1
名詞,パートナーシップ,1
名詞,軸足,1
名詞,測量,1
名詞,定期購入,1
名詞,古典的,1
名詞,レコメンド,1
名詞,ホワイトハウス,1
名詞,cloud,1
名詞,目利き,1
名詞,検索エンジン,1
名詞,教育機関,1
名詞,ビーズクッション,1
名詞,サブスクリプション,1
名詞,アプリ開発,1
名詞,おサイフケータイ,1
名詞,狼煙,1
名詞,海外進出,1
名詞,沖の,1
名詞,bs,1
名詞,12種,1
名詞,東北大,1
名詞,教育現場,1
名詞,バックライト,1
名詞,6月22日,1
名詞,農地,1
名詞,貿易摩擦,1
名詞,給電,1
名詞,潮流,1
名詞,悪路,1
名詞,小売店,1
名詞,フィッシング詐欺,1
名詞,ハーバード,1
名詞,スマホ依存症,1
名詞,アーチスト,1
名詞,6億円,1
名詞,背水の陣,1
名詞,疾病,1
名詞,教職員,1
名詞,小惑星,1
名詞,完全無料,1
名詞,地理的,1
名詞,チケキャン,1
名詞,dex,1
名詞,高速化,1
名詞,必勝法,1
名詞,スピードアップ,1
名詞,システム開発,1
名詞,tinder,1
名詞,player,1
名詞,deep,1
名詞,対岸の火事,1
名詞,売れ筋,1
名詞,霊長類,1
名詞,ゲーム開発,1
名詞,hello,1
名詞,di,1
名詞,6週間,1
名詞,水深,1
名詞,モハ,1
名詞,ゼネコン,1
名詞,ゲーム依存症,1
名詞,船出,1
名詞,潜在能力,1
名詞,セブ島,1
名詞,アドオン,1
名詞,five,1
名詞,8億円,1
名詞,国力,1
名詞,ハッシュ,1
名詞,men,1
名詞,7月30日,1
名詞,関連会社,1
名詞,配車,1
名詞,定期購読,1
名詞,取消,1
名詞,人心,1
名詞,エリオット,1
名詞,order,1
名詞,berry,1
名詞,40万円,1
名詞,グローバルな,1
名詞,v2,1
名詞,office,1
名詞,ipod,1
名詞,スパコン,1
名詞,pr,1
名詞,hr,1
名詞,踏み絵,1
名詞,誤情報,1
名詞,自動車メーカー,1
名詞,暗部,1
名詞,情報戦,1
名詞,家入,1
名詞,ペイパル,1
名詞,ic,1
名詞,care,1
名詞,一真,1
名詞,ヘルシンキ,1
名詞,スコットランド,1
名詞,製薬,1
名詞,対抗馬,1
名詞,周回遅れ,1
名詞,早変わり,1
名詞,入れ墨,1
名詞,身代金,1
名詞,米中,1
名詞,立役者,1
名詞,打つ手,1
名詞,化学物質,1
名詞,人事部,1
名詞,ラズパイ,1
名詞,17%,1
名詞,.net,1
名詞,カントー地方,1
名詞,火の粉,1
名詞,チャットワーク,1
名詞,音声認識,1
名詞,世界最大,1
名詞,ワキワキ,1
名詞,セキュリティー,1
名詞,ee,1
名詞,敗訴,1
名詞,6月8日,1
名詞,深谷,1
名詞,データ通信,1
名詞,審,1
名詞,ビルダー,1
名詞,ナショナリズム,1
名詞,金券ショップ,1
名詞,袖口,1
名詞,商戦,1
名詞,主体性,1
名詞,magic,1
名詞,canon,1
名詞,三菱電機,1
名詞,8月9日,1
名詞,慈善,1
名詞,プランニング,1
名詞,セルフィー,1
名詞,si,1
名詞,35年,1
名詞,量子,1
名詞,第一人者,1
名詞,法改正,1
名詞,公開前,1
名詞,ニュースサイト,1
名詞,url,1
名詞,失策,1
名詞,効果測定,1
名詞,セレス,1
名詞,video,1
名詞,3億円,1
名詞,単一,1
名詞,ヨット,1
名詞,探知,1
名詞,巻き返し,1
名詞,リラクゼーション,1
名詞,ビットフライヤー,1
名詞,kids,1
名詞,4m,1
名詞,音波,1
名詞,直行便,1
名詞,消火,1
名詞,レッカー,1
名詞,グッピー,1
名詞,5月26日,1
名詞,疑問符,1
名詞,法令,1
名詞,憲法違反,1
名詞,義手,1
名詞,三重苦,1
名詞,ドッキング,1
名詞,シマウマ,1
名詞,sleep,1
名詞,ハリウッド映画,1
名詞,シアトル,1
名詞,角膜,1
名詞,客室,1
名詞,スマートウォッチ,1
名詞,アプリコット,1
名詞,太陽光発電,1
名詞,中間管理職,1
名詞,ランサーズ,1
名詞,ビンテージ,1
名詞,義足,1
名詞,民生,1
名詞,半導体,1
名詞,プロトコル,1
名詞,ウーバー,1
名詞,tokyo,1
名詞,studio,1
名詞,余暇,1
名詞,他人の家,1
名詞,イーサリアム,1
名詞,9800円,1
名詞,4d,1
名詞,特別扱い,1
名詞,広告収入,1
名詞,メルアド,1
名詞,ブロッキング,1
名詞,20億,1
名詞,加盟,1
名詞,サイバー攻撃,1
名詞,カシオ,1
名詞,200万円,1
名詞,区画,1
名詞,仁義,1
名詞,赤旗,1
名詞,商用,1
名詞,日本勢,1
名詞,基本給,1
名詞,unity,1
名詞,開始予定,1
名詞,越境,1
名詞,新人研修,1
名詞,中高年,1
名詞,python,1
名詞,480円,1
名詞,1000倍,1
名詞,特報,1
名詞,best,1
名詞,4g,1
名詞,高品質,1
名詞,心が折れる,1
名詞,ローラースケート,1
名詞,hz,1
名詞,未然,1
名詞,マンハッタン,1
名詞,まばたき,1
名詞,black,1
名詞,食指,1
名詞,輩出,1
名詞,荒廃,1
名詞,波乱万丈,1
名詞,情報公開,1
名詞,冷ややか,1
名詞,ダイキン,1
名詞,サンフランシスコ,1
名詞,オラクル,1
名詞,air,1
名詞,3w,1
名詞,10億円,1
名詞,金融庁,1
名詞,法制,1
名詞,明暗,1
名詞,出願,1
名詞,フリック入力,1
名詞,チェッカー,1
名詞,2018年度,1
名詞,無重力,1
名詞,作物,1
名詞,ルーフ,1
名詞,パブリック,1
名詞,type,1
名詞,softbank,1
名詞,コーチング,1
名詞,jelly,1
名詞,根絶,1
名詞,最高裁,1
名詞,勝訴,1
名詞,non,1
名詞,高層ビル,1
名詞,新興宗教,1
名詞,アジアン,1
名詞,したたか,1
名詞,4億,1
名詞,激変,1
名詞,人工衛星,1
名詞,pepper,1
名詞,累積,1
名詞,極小,1
名詞,情報発信,1
名詞,インチ,1
名詞,乱射,1
名詞,期待度,1
名詞,介護施設,1
名詞,a3,1
名詞,40周年,1
名詞,提言,1
名詞,売り手,1
名詞,医薬品,1
名詞,pay,1
名詞,野生動物,1
名詞,宇宙飛行士,1
名詞,e2,1
名詞,統合失調症,1
名詞,従業,1
名詞,轍,1
名詞,扮,1
名詞,シカゴ,1
名詞,japan,1
名詞,算出,1
名詞,土木,1
名詞,三つ巴,1
名詞,フィルムカメラ,1
名詞,掌握,1
名詞,史上最大,1
名詞,x1,1
名詞,事前予約,1
名詞,90度,1
名詞,秘話,1
名詞,温床,1
名詞,松下,1
名詞,健康状態,1
名詞,book,1
名詞,頭数,1
名詞,おろそか,1
名詞,touch,1
名詞,鉄則,1
名詞,経営陣,1
名詞,相乗り,1
名詞,牢屋,1
名詞,心得,1
名詞,ドリー,1
名詞,mi,1
名詞,没入,1
名詞,オペレーション,1
名詞,駅ビル,1
名詞,永続,1
名詞,moon,1
名詞,duo,1
名詞,日本初,1
名詞,中国製,1
名詞,how,1
名詞,著名人,1
名詞,改訂,1
名詞,マドンナ,1
名詞,マザーズ,1
名詞,脱,1
名詞,円形,1
名詞,ミニバン,1
名詞,6月1日,1
名詞,適材適所,1
名詞,国内外,1
名詞,キャプチャー,1
名詞,.jp,1
名詞,同業,1
名詞,声明,1
名詞,トラベル,1
名詞,安全保障,1
名詞,スポーツ観戦,1
名詞,カリフォルニア,1
名詞,医療機関,1
名詞,マイナンバーカード,1
名詞,why,1
名詞,旗艦,1
名詞,採寸,1
名詞,指南,1
名詞,マカオ,1
名詞,ナンバープレート,1
名詞,四方,1
名詞,ホロライブ,1
名詞,順応,1
名詞,突出,1
名詞,ボット,1
名詞,6月2日,1
名詞,車載,1
名詞,経産省,1
名詞,航海,1
名詞,攻勢,1
名詞,三輪,1
名詞,三角形,1
名詞,フォード,1
名詞,めど,1
名詞,後発,1
名詞,往年,1
名詞,6月9日,1
名詞,販売店,1
名詞,出金,1
名詞,東名,1
名詞,効率化,1
名詞,ガイドライン,1
名詞,銀行口座,1
名詞,駆動,1
名詞,フィッシング,1
名詞,バーテンダー,1
名詞,居住,1
名詞,ミスマッチ,1
名詞,ソルジャー,1
名詞,スタートレック,1
名詞,6月16日,1
名詞,gm,1
名詞,イスラエル,1
名詞,5万人,1
名詞,宿泊施設,1
名詞,宇宙旅行,1
名詞,大量生産,1
名詞,周辺機器,1
名詞,デル,1
名詞,診断結果,1
名詞,ライフスタイル,1
名詞,フィット感,1
名詞,20cm,1
名詞,識別,1
名詞,緊急時,1
名詞,監査,1
名詞,ポップアップ,1
名詞,探求,1
名詞,2カ月,1
名詞,最上位,1
名詞,テコ入れ,1
名詞,watch,1
名詞,vol.2,1
名詞,集合住宅,1
名詞,余剰,1
名詞,ビッグデータ,1
名詞,バリュー,1
名詞,チケット購入,1
名詞,気がかり,1
名詞,底力,1
名詞,買い手,1
名詞,著作,1
名詞,実店舗,1
名詞,テナント,1
名詞,アンバサダー,1
名詞,超過,1
名詞,愛猫,1
名詞,定額,1
名詞,プロダクト,1
名詞,プレビュー,1
名詞,聴覚,1
名詞,よそ見,1
名詞,打破,1
名詞,貸し出し,1
名詞,異能,1
名詞,巻き添え,1
名詞,創作活動,1
名詞,サッカーボール,1
名詞,売り物,1
名詞,gif,1
名詞,財務,1
名詞,急落,1
名詞,ルック,1
名詞,プロトタイプ,1
名詞,20万円,1
名詞,気象庁,1
名詞,大迫半端ないって,1
名詞,増大,1
名詞,傾斜,1
名詞,英語圏,1
名詞,プログラマー,1
名詞,スクーター,1
名詞,資質,1
名詞,中小企業,1
名詞,あらた,1
名詞,ソーラー,1
名詞,車輪,1
名詞,来場者,1
名詞,キャンパー,1
名詞,脆弱,1
名詞,不利益,1
名詞,2002年,1
名詞,ポーク,1
名詞,後継者,1
名詞,フィル,1
名詞,雨男,1
名詞,安全性,1
名詞,ミニマリスト,1
名詞,電通,1
名詞,連邦,1
名詞,硬派,1
名詞,死去,1
名詞,専門用語,1
名詞,アドバイザー,1
名詞,next,1
名詞,異例,1
名詞,400万,1
名詞,ファーウェイ,1
名詞,.s,1
名詞,世代交代,1
名詞,縦長,1
名詞,撤廃,1
名詞,膨張,1
名詞,ステルス,1
名詞,水玉,1
名詞,動画配信,1
名詞,仲介,1
名詞,pop,1
名詞,不十分,1
名詞,六つ,1
名詞,奪還,1
名詞,移設,1
名詞,電子版,1
名詞,裁判所,1
名詞,アフィリエイト,1
名詞,ベネッセ,1
名詞,コンピューター,1
名詞,投げ銭,1
名詞,情報提供,1
名詞,阻害,1
名詞,部分的,1
名詞,全域,1
名詞,雨女,1
名詞,増強,1
名詞,販売開始,1
名詞,異色,1
名詞,海底,1
名詞,嘆き,1
名詞,輸血,1
名詞,ベータ,1
名詞,購読,1
名詞,メド,1
名詞,活気,1
名詞,ポリシー,1
名詞,新体制,1
名詞,5m,1
名詞,エンコード,1
名詞,ライブラリ,1
名詞,暗転,1
名詞,spotify,1
名詞,盗聴,1
名詞,オンデマンド,1
名詞,逃げ道,1
名詞,成熟,1
名詞,州,1
名詞,フロー,1
名詞,ニュース番組,1
名詞,シンボル,1
名詞,コンペ,1
名詞,暴行,1
名詞,マネジメント,1
名詞,過信,1
名詞,会議室,1
名詞,今夏,1
名詞,back,1
名詞,第一歩,1
名詞,検事,1
名詞,八戸,1
名詞,反対派,1
名詞,10年間,1
名詞,太陽光,1
名詞,オブジェクト,1
名詞,初期化,1
名詞,4万円,1
名詞,総務省,1
名詞,祭典,1
名詞,prime,1
名詞,北極,1
名詞,出資,1
名詞,考案,1
名詞,落とし穴,1
名詞,信号機,1
名詞,ジャガー,1
名詞,賞品,1
名詞,手応え,1
名詞,封鎖,1
名詞,区役所,1
名詞,刻み,1
名詞,リーガル,1
名詞,発足,1
名詞,利便性,1
名詞,的外れ,1
名詞,最前線,1
名詞,4種類,1
名詞,杭,1
名詞,払拭,1
名詞,警視庁,1
名詞,ルノー,1
名詞,ハック,1
名詞,アップグレード,1
名詞,損害,1
名詞,合併,1
名詞,中立,1
名詞,巣窟,1
名詞,東南アジア,1
名詞,一時停止,1
名詞,近未来,1
名詞,気概,1
名詞,カギ,1
名詞,ロケーション,1
名詞,回帰,1
名詞,信頼度,1
名詞,一角,1
名詞,寝心地,1
名詞,地形,1
名詞,トップ3,1
名詞,先進国,1
名詞,フィンランド,1
名詞,ユニーク,1
名詞,ドバイ,1
名詞,中間選挙,1
名詞,農,1
名詞,キヤノン,1
名詞,類似,1
名詞,兆し,1
名詞,元号,1
名詞,17年,1
名詞,シャトル,1
名詞,日本語版,1
名詞,災害時,1
名詞,リモート,1
名詞,罰金,1
名詞,株主,1
名詞,ブリッジ,1
名詞,クリエイティブ,1
名詞,予告編,1
名詞,集英社,1
名詞,身軽,1
名詞,国境,1
名詞,足場,1
名詞,水上,1
名詞,中途,1
名詞,老舗,1
名詞,森永,1
名詞,ホース,1
名詞,スマホアプリ,1
名詞,疾患,1
名詞,オンラインゲーム,1
名詞,バーコード,1
名詞,mini,1
名詞,大国,1
名詞,最長,1
名詞,侵害,1
名詞,法人,1
名詞,応答,1
名詞,志向,1
名詞,即席,1
名詞,12歳,1
名詞,選定,1
名詞,着手,1
名詞,準備中,1
名詞,入札,1
名詞,ニッポン,1
名詞,氾濫,1
名詞,弱体化,1
名詞,ズーム,1
名詞,人力,1
名詞,断線,1
名詞,消耗品,1
名詞,急速,1
名詞,疑似,1
名詞,ディープ,1
名詞,海軍,1
名詞,ヘビ,1
名詞,試合後,1
名詞,盗難,1
名詞,シミュレーション,1
名詞,オールインワン,1
名詞,全面的,1
名詞,リスニング,1
名詞,時間切れ,1
名詞,各社,1
名詞,着陸,1
名詞,査定,1
名詞,フリマアプリ,1
名詞,驚異,1
名詞,火災,1
名詞,血糖値,1
名詞,森田,1
名詞,ビジター,1
名詞,エッジ,1
名詞,効果的,1
名詞,不可欠,1
名詞,ノウハウ,1
名詞,ロマンチック,1
名詞,治験,1
名詞,割り勘,1
名詞,体育会系,1
名詞,フレンチ,1
名詞,お節介,1
名詞,発電,1
名詞,意向,1
名詞,シード,1
名詞,フリーランス,1
名詞,後継,1
名詞,第1弾,1
名詞,勃発,1
名詞,モニタ,1
名詞,試作,1
名詞,ポルトガル,1
名詞,2億,1
名詞,ローラ,1
名詞,撃退,1
名詞,存在意義,1
名詞,ポート,1
名詞,抑制,1
名詞,署名,1
名詞,リソース,1
名詞,首位,1
名詞,物体,1
名詞,ドック,1
名詞,最小限,1
名詞,おもてなし,1
名詞,長持ち,1
名詞,業種,1
名詞,マーケティング,1
名詞,空気清浄機,1
名詞,半数,1
名詞,マルタ,1
名詞,暴挙,1
名詞,追放,1
名詞,見出し,1
名詞,活性,1
名詞,中古車,1
名詞,bgm,1
名詞,仮想,1
名詞,投資家,1
名詞,倒産,1
名詞,キャッシュ,1
名詞,悪用,1
名詞,制約,1
名詞,世界的,1
名詞,人出,1
名詞,商,1
名詞,動向,1
名詞,原則,1
名詞,雑草,1
名詞,航空,1
名詞,消費者,1
名詞,捜索,1
名詞,艦娘,1
名詞,インフルエンサー,1
名詞,春に,1
名詞,出版社,1
名詞,ペイント,1
名詞,提携,1
名詞,高専,1
名詞,先端,1
名詞,一環,1
名詞,発明,1
名詞,兵士,1
名詞,ハッピーバースデー,1
名詞,誘発,1
名詞,臓器,1
名詞,思惑,1
名詞,凶器,1
名詞,侵食,1
名詞,無傷,1
名詞,エンジェル,1
名詞,リーグ戦,1
名詞,開示,1
名詞,アウディ,1
名詞,綿棒,1
名詞,激減,1
名詞,不登校,1
名詞,自国,1
名詞,上場,1
名詞,責任者,1
名詞,起業,1
名詞,解雇,1
名詞,異論,1
名詞,賛否両論,1
名詞,経歴,1
名詞,口パク,1
名詞,一部の人,1
名詞,500万,1
名詞,空調,1
名詞,欠陥,1
名詞,就任,1
名詞,レゴ,1
名詞,東工大,1
名詞,対比,1
名詞,必見,1
名詞,グローバル,1
名詞,ミュージアム,1
名詞,統計,1
名詞,デュアル,1
名詞,転送,1
名詞,写真展,1
名詞,オーディオ,1
名詞,分離,1
名詞,保持,1
名詞,オフィシャル,1
名詞,note,1
名詞,創造,1
名詞,最先端,1
名詞,情報収集,1
名詞,シネマ,1
名詞,デトロイト,1
名詞,脅迫,1
名詞,好調,1
名詞,トライアル,1
名詞,ギャラリー,1
名詞,アシスタント,1
名詞,宇多田ヒカル,1
名詞,フェイクニュース,1
名詞,j,1
名詞,3m,1
名詞,襲撃,1
名詞,損失,1
名詞,生中継,1
名詞,合意,1
名詞,騒音,1
名詞,丸投げ,1
名詞,アパレル,1
名詞,奮闘,1
名詞,視覚,1
名詞,東芝,1
名詞,教材,1
名詞,3分の1,1
名詞,モニタリング,1
名詞,人工,1
名詞,ハリウッド,1
名詞,難関,1
名詞,100年,1
名詞,黒人,1
名詞,近畿,1
名詞,2011年,1
名詞,計測,1
名詞,ベトナム,1
名詞,警官,1
名詞,陸上,1
名詞,目前,1
名詞,携帯電話,1
名詞,家庭菜園,1
名詞,抹消,1
名詞,ライセンス,1
名詞,エンタメ,1
名詞,共存,1
名詞,品質,1
名詞,クライアント,1
名詞,停車,1
名詞,100億,1
名詞,原理,1
名詞,40%,1
名詞,度合い,1
名詞,思いやり,1
名詞,スキャン,1
名詞,2.0,1
名詞,脱走,1
名詞,showroom,1
名詞,没頭,1
名詞,工程,1
名詞,和解,1
名詞,エサ,1
名詞,解読,1
名詞,英国,1
名詞,統合,1
名詞,前進,1
名詞,血液検査,1
名詞,月間,1
名詞,ニューヨーク,1
名詞,一眼レフ,1
名詞,流出,1
名詞,安価,1
名詞,対象外,1
名詞,バンク,1
名詞,争奪戦,1
名詞,オフライン,1
名詞,happy,1
名詞,高画質,1
名詞,形状,1
名詞,タニタ,1
名詞,クイック,1
名詞,試行錯誤,1
名詞,検討中,1
名詞,復元,1
名詞,入門,1
名詞,山盛り,1
名詞,多用,1
名詞,収益,1
名詞,2種,1
名詞,ps,1
名詞,指揮,1
名詞,万人,1
名詞,顧客,1
名詞,plus,1
名詞,cc,1
名詞,改革,1
名詞,アルミ,1
名詞,チューブ,1
名詞,動,1
名詞,停滞,1
名詞,イジメ,1
名詞,辞任,1
名詞,要請,1
名詞,架空,1
名詞,行方,1
名詞,クリエイター,1
名詞,論理,1
名詞,ing,1
名詞,自社,1
名詞,福祉,1
名詞,づくり,1
名詞,モノクロ,1
名詞,見込み,1
名詞,手順,1
名詞,メキシコ,1
名詞,僕たち,1
名詞,シンガポール,1
名詞,ホコリ,1
名詞,10本,1
名詞,除去,1
名詞,間接,1
名詞,有力,1
名詞,衝動買い,1
名詞,判別,1
名詞,インターン,1
名詞,2年ぶり,1
名詞,なめらか,1
名詞,干渉,1
名詞,教訓,1
名詞,小型,1
名詞,絶滅,1
名詞,反撃,1
名詞,屋外,1
名詞,タッグ,1
名詞,美肌,1
名詞,反発,1
名詞,マイル,1
名詞,見逃し,1
名詞,給与,1
名詞,秀逸,1
名詞,被災地,1
名詞,new,1
名詞,呼び出し,1
名詞,スタンダード,1
名詞,売却,1
名詞,担当者,1
名詞,内装,1
名詞,継承,1
名詞,ウェディング,1
名詞,自動車,1
名詞,輸入,1
名詞,アプローチ,1
名詞,苦情,1
名詞,必然,1
名詞,win,1
名詞,無線,1
名詞,パルコ,1
名詞,知らず,1
名詞,材,1
名詞,トンネル,1
名詞,見解,1
名詞,博物館,1
名詞,仕上げ,1
名詞,5倍,1
名詞,ガイド,1
名詞,加,1
名詞,理科,1
名詞,オヤジ,1
名詞,2件,1
名詞,父さん,1
名詞,動機,1
名詞,民主主義,1
名詞,レーザー,1
名詞,テクニック,1
名詞,4年前,1
名詞,シアター,1
名詞,反転,1
名詞,段ボール,1
名詞,ロンドン,1
名詞,死刑,1
名詞,一斉,1
名詞,圏外,1
名詞,鉛筆,1
名詞,フォント,1
名詞,2d,1
名詞,他社,1
名詞,公表,1
名詞,分割,1
名詞,部員,1
名詞,溝,1
名詞,非難,1
名詞,試着,1
名詞,コマンド,1
名詞,2人目,1
名詞,本間,1
名詞,確立,1
名詞,不自由,1
名詞,合法,1
名詞,農家,1
名詞,形成,1
名詞,ショッピング,1
名詞,グランプリ,1
名詞,50万,1
名詞,迅速,1
名詞,容易,1
名詞,破綻,1
名詞,監視カメラ,1
名詞,ランナー,1
名詞,漫画村,1
名詞,象徴,1
名詞,液晶,1
名詞,ググ,1
名詞,設備,1
名詞,ミーティング,1
名詞,本誌,1
名詞,活発,1
名詞,赤字,1
名詞,幹部,1
名詞,新卒,1
名詞,無断,1
名詞,ブラック企業,1
名詞,習い事,1
名詞,セミナー,1
名詞,朗報,1
名詞,ナビ,1
名詞,閲覧,1
名詞,路上,1
名詞,点検,1
名詞,雇用,1
名詞,高度,1
名詞,罰,1
名詞,住民,1
名詞,既視感,1
名詞,血液,1
名詞,装置,1
名詞,一挙,1
名詞,ガソリンスタンド,1
名詞,恩恵,1
名詞,合成,1
名詞,安定感,1
名詞,分解,1
名詞,明,1
名詞,アクティブ,1
名詞,難点,1
名詞,侵入,1
名詞,専念,1
名詞,サウンド,1
名詞,足首,1
名詞,メガ,1
名詞,採血,1
名詞,従業員,1
名詞,主義,1
名詞,hulu,1
名詞,代理,1
名詞,プレミア,1
名詞,飲食,1
名詞,鉄道,1
名詞,音質,1
名詞,読者,1
名詞,受信,1
名詞,媒体,1
名詞,ハンドル,1
名詞,体内,1
名詞,阻止,1
名詞,説得,1
名詞,シューズ,1
名詞,説明会,1
名詞,体調管理,1
名詞,チラ見,1
名詞,2次,1
名詞,リニューアル,1
名詞,壁紙,1
名詞,アングル,1
名詞,有無,1
名詞,5万円,1
名詞,拡張,1
名詞,落下,1
名詞,ワーク,1
名詞,開拓,1
名詞,食品,1
名詞,言及,1
名詞,裁判,1
名詞,1億,1
名詞,オプション,1
名詞,強調,1
名詞,3秒,1
名詞,出力,1
名詞,スペイン,1
名詞,ピンポイント,1
名詞,アバター,1
名詞,ダーク,1
名詞,ジップロック,1
名詞,柱,1
名詞,交通,1
名詞,中断,1
名詞,革命,1
名詞,合唱,1
名詞,美術館,1
名詞,100点,1
名詞,結成,1
名詞,リモコン,1
名詞,個体,1
名詞,配送,1
名詞,リフォーム,1
名詞,連絡先,1
名詞,早急,1
名詞,救済,1
名詞,飲食店,1
名詞,メロディ,1
名詞,方式,1
名詞,コア,1
名詞,暗闇,1
名詞,ヒト,1
名詞,発注,1
名詞,ありき,1
名詞,芯,1
名詞,記者,1
名詞,幽霊,1
名詞,ヨーロッパ,1
名詞,群,1
名詞,指先,1
名詞,スクワット,1
名詞,視,1
名詞,人事,1
名詞,万能,1
名詞,知名度,1
名詞,合体,1
名詞,物理的,1
名詞,根本,1
名詞,内側,1
名詞,イタリア,1
名詞,三つ,1
名詞,居場所,1
名詞,4000円,1
名詞,眼科,1
名詞,京,1
名詞,50%,1
名詞,積極,1
名詞,キティ,1
名詞,領域,1
名詞,無意味,1
名詞,MacBook,1
名詞,合わせ,1
名詞,ギフト,1
名詞,鳴き声,1
名詞,カクテル,1
名詞,ストップ,1
名詞,補正,1
名詞,銘柄,1
名詞,目覚め,1
名詞,皮膚,1
名詞,役者,1
名詞,方針,1
名詞,権,1
名詞,スクリーン,1
名詞,1杯,1
名詞,反則,1
名詞,売上,1
名詞,リード,1
名詞,フィルター,1
名詞,リアクション,1
名詞,誘導,1
名詞,友情,1
名詞,パートナー,1
名詞,ポスト,1
名詞,ミラー,1
名詞,ヤフー,1
名詞,100人,1
名詞,訓練,1
名詞,製造,1
名詞,曜日,1
名詞,年収,1
名詞,本田,1
名詞,切り替え,1
名詞,到達,1
名詞,アート,1
名詞,チェーン,1
名詞,実践,1
名詞,3倍,1
名詞,正常,1
名詞,オート,1
名詞,擁護,1
名詞,戦場,1
名詞,マシン,1
名詞,ラインナップ,1
名詞,キーワード,1
名詞,4位,1
名詞,無効,1
名詞,威力,1
名詞,定義,1
名詞,バーガー,1
名詞,高齢者,1
名詞,吉,1
名詞,不良,1
名詞,忖度,1
名詞,退職,1
名詞,2017年,1
名詞,迫力,1
名詞,ブイ,1
名詞,発覚,1
名詞,世界中,1
名詞,英,1
名詞,カウント,1
名詞,直撃,1
名詞,ハロ,1
名詞,発行,1
名詞,中2,1
名詞,シルバー,1
名詞,スタンス,1
名詞,薬局,1
名詞,純正,1
名詞,コップ,1
名詞,送信,1
名詞,建築,1
名詞,婚活,1
名詞,ビットコイン,1
名詞,ファミリー,1
名詞,流,1
名詞,フレーズ,1
名詞,スポット,1
名詞,妖怪ウォッチ,1
名詞,物件,1
名詞,区別,1
名詞,up,1
名詞,16日,1
名詞,伸び,1
名詞,本社,1
名詞,スムーズ,1
名詞,若手,1
名詞,源,1
名詞,14日,1
名詞,休暇,1
名詞,名作,1
名詞,抜群,1
名詞,余震,1
名詞,移住,1
名詞,ファースト,1
名詞,上昇,1
名詞,海外旅行,1
名詞,健,1
名詞,探索,1
名詞,スカイツリー,1
名詞,満点,1
名詞,サイコパス,1
名詞,雄,1
名詞,副作用,1
名詞,最適,1
名詞,症,1
名詞,宅配,1
名詞,マネージャー,1
名詞,登山,1
名詞,モーション,1
名詞,混雑,1
名詞,出品,1
名詞,掲載,1
名詞,グラス,1
名詞,有効,1
名詞,基礎,1
名詞,成果,1
名詞,関心,1
名詞,対処,1
名詞,ヒント,1
名詞,拍手,1
名詞,悪夢,1
名詞,オーダー,1
名詞,業,1
名詞,接客,1
名詞,投入,1
名詞,ガス,1
名詞,感染,1
名詞,役割,1
名詞,バイオ,1
名詞,反映,1
名詞,レビュー,1
名詞,運用,1
名詞,剤,1
名詞,正面,1
名詞,積極的,1
名詞,関係者,1
名詞,吸収,1
名詞,女子高生,1
名詞,開店,1
名詞,統一,1
名詞,バン,1
名詞,認知症,1
名詞,有利,1
名詞,会長,1
名詞,撤退,1
名詞,ライバル,1
名詞,発信,1
名詞,わがまま,1
名詞,地下鉄,1
名詞,恒例,1
名詞,年内,1
名詞,証,1
名詞,会計,1
名詞,わり,1
名詞,タッチ,1
名詞,アーカイブ,1
名詞,トレーナー,1
名詞,8割,1
名詞,餌,1
名詞,派遣,1
名詞,はるか,1
名詞,支部,1
名詞,トレード,1
名詞,キッズ,1
名詞,成立,1
名詞,動揺,1
名詞,軸,1
名詞,モバイルバッテリー,1
名詞,特,1
名詞,4年,1
名詞,認知,1
名詞,ボトル,1
名詞,利益,1
名詞,ボランティア,1
名詞,語,1
名詞,20代,1
名詞,コントローラー,1
名詞,工事,1
名詞,隙間,1
名詞,半日,1
名詞,不眠症,1
名詞,豊か,1
名詞,角度,1
名詞,ホスト,1
名詞,豆,1
名詞,現金,1
名詞,経由,1
名詞,シャンパン,1
名詞,災害,1
名詞,断念,1
名詞,ボディ,1
名詞,自販機,1
名詞,中毒,1
名詞,お絵かき,1
名詞,費用,1
名詞,申し込み,1
名詞,資金,1
名詞,プラン,1
名詞,提示,1
名詞,内緒,1
名詞,乗り換え,1
名詞,トラック,1
名詞,完結,1
名詞,ホンダ,1
名詞,自殺,1
名詞,x,1
名詞,録音,1
名詞,トレーニング,1
名詞,エネルギー,1
名詞,稼働,1
名詞,不具合,1
名詞,ペット,1
名詞,ドイツ,1
名詞,ポケット,1
名詞,連載,1
名詞,プライベート,1
名詞,腕時計,1
名詞,アクション,1
名詞,施設,1
名詞,天国,1
名詞,マッチング,1
名詞,生き物,1
名詞,時短,1
名詞,カナダ,1
名詞,Netflix,1
名詞,YouTuber,1
名詞,謝罪,1
名詞,クレカ,1
名詞,手間,1
名詞,乳,1
名詞,成績,1
名詞,縦,1
名詞,対決,1
名詞,術,1
名詞,リスク,1
名詞,スピーカー,1
名詞,職人,1
名詞,披露,1
名詞,期間限定,1
名詞,一般人,1
名詞,合計,1
名詞,そのため,1
名詞,ドンキ,1
名詞,指導,1
名詞,ドラゴン,1
名詞,z,1
名詞,遅れ,1
名詞,患者,1
名詞,キャリー,1
名詞,有料,1
名詞,凍結,1
名詞,リメイク,1
名詞,バスケ,1
名詞,性別,1
名詞,体質,1
名詞,ブーム,1
名詞,秘密,1
名詞,道路,1
名詞,特殊,1
名詞,依存,1
名詞,人物,1
名詞,アウトレット,1
名詞,3分,1
名詞,税金,1
名詞,全体的,1
名詞,空港,1
名詞,カレンダー,1
名詞,姉妹,1
名詞,常識,1
名詞,ボックス,1
名詞,現代,1
名詞,図,1
名詞,透明,1
名詞,ネコ,1
名詞,加入,1
名詞,不可,1
名詞,スマホケース,1
名詞,俳優,1
名詞,ヒット,1
名詞,制,1
名詞,政治,1
名詞,生徒,1
名詞,大声,1
名詞,突入,1
名詞,双子,1
名詞,インスタ映え,1
名詞,一本,1
名詞,アズレン,1
名詞,1分,1
名詞,成人,1
名詞,遅延,1
名詞,豚,1
名詞,少女,1
名詞,温度,1
名詞,天井,1
名詞,二つ,1
名詞,平均,1
名詞,10万,1
名詞,やり取り,1
名詞,震災,1
名詞,角,1
名詞,ミリ,1
名詞,ピックアップ,1
名詞,パフォーマンス,1
名詞,道具,1
名詞,専門,1
名詞,もと,1
名詞,ダイソー,1
名詞,保険,1
名詞,疲労,1
名詞,ミニ,1
名詞,考え方,1
名詞,主張,1
名詞,上映,1
名詞,つき,1
名詞,姿勢,1
名詞,インタビュー,1
名詞,タクシー,1
名詞,ふつう,1
名詞,料金,1
名詞,依頼,1
名詞,目線,1
名詞,治療,1
名詞,割り,1
名詞,17時,1
名詞,介護,1
名詞,ボケ,1
名詞,ごろ,1
名詞,ヨガ,1
名詞,許可,1
名詞,受付,1
名詞,任天堂,1
名詞,中途半端,1
名詞,銃,1
名詞,ラッキー,1
名詞,削除,1
名詞,ベスト,1
名詞,a,1
名詞,単語,1
名詞,楽天,1
名詞,不安定,1
名詞,効率,1
名詞,毎月,1
名詞,オリジナル,1
名詞,信頼,1
名詞,提出,1
名詞,資料,1
名詞,スニーカー,1
名詞,スピード,1
名詞,出会い,1
名詞,予告,1
名詞,強制,1
名詞,化粧品,1
名詞,値,1
名詞,機械,1
名詞,初代,1
名詞,育成,1
名詞,地球,1
名詞,家庭,1
名詞,攻め,1
名詞,拒否,1
名詞,特定,1
名詞,我々,1
名詞,シナリオ,1
名詞,態度,1
名詞,告白,1
名詞,ダウンロード,1
名詞,崩壊,1
名詞,ボール,1
名詞,キッチン,1
名詞,在庫,1
名詞,単位,1
名詞,ライト,1
名詞,偶然,1
名詞,メーカー,1
名詞,破壊,1
名詞,プレミアム,1
名詞,並み,1
名詞,出張,1
名詞,野良,1
名詞,研究,1
名詞,中心,1
名詞,教室,1
名詞,本来,1
名詞,私たち,1
名詞,ゲスト,1
名詞,-2,1
名詞,影,1
名詞,店長,1
名詞,可,1
名詞,層,1
名詞,複雑,1
名詞,表紙,1
名詞,歴史,1
名詞,シフト,1
名詞,15分,1
名詞,日付,1
名詞,1話,1
名詞,上位,1
名詞,100均,1
名詞,h,1
名詞,本物,1
名詞,ランチ,1
名詞,ピザ,1
名詞,詐欺,1
名詞,配布,1
名詞,魔法,1
名詞,前半,1
名詞,組み合わせ,1
名詞,パーカー,1
名詞,帯,1
名詞,ピカチュウ,1
名詞,直前,1
名詞,リスト,1
名詞,空間,1
名詞,テーマ,1
名詞,3年,1
名詞,大,1
名詞,背景,1
名詞,引越し,1
名詞,やり方,1
名詞,向こう,1
名詞,d,1
名詞,歩,1
名詞,コース,1
名詞,以内,1
名詞,何処,1
名詞,続き,1
名詞,得,1
名詞,11月,1
名詞,チキン,1
名詞,変化,1
名詞,反対,1
名詞,技,1
名詞,使い方,1
名詞,国民,1
名詞,多く,1
名詞,トーク,1
名詞,日程,1
名詞,将来,1
名詞,12月,1
名詞,5人,1
名詞,症状,1
名詞,加工,1
名詞,飲み物,1
名詞,営業,1
名詞,済み,1
名詞,引っ越し,1
名詞,復帰,1
名詞,検査,1
名詞,vs,1
名詞,就職,1
名詞,きっかけ,1
名詞,文章,1
名詞,先行,1
名詞,衝撃,1
名詞,自身,1
名詞,おにぎり,1
名詞,真似,1
名詞,9月,1
名詞,選挙,1
名詞,カバー,1
名詞,ランキング,1
名詞,ルール,1
名詞,発見,1
名詞,倍,1
名詞,s,1
名詞,息,1
名詞,唯一,1
名詞,起動,1
名詞,客,1
名詞,我が家,1
名詞,乾燥,1
名詞,詳細,1
名詞,花火,1
名詞,特別,1
名詞,毎週,1
名詞,方向,1
名詞,得意,1
名詞,お気に入り,1
名詞,勝利,1
名詞,フル,1
名詞,パック,1
名詞,明らか,1
名詞,命,1
名詞,目的,1
名詞,通常,1
名詞,条件,1
名詞,センター,1
名詞,ログイン,1
名詞,恋愛,1
名詞,知識,1
名詞,現地,1
名詞,無視,1
名詞,調整,1
名詞,紙,1
名詞,自然,1
名詞,脳,1
名詞,認識,1
名詞,手数料,1
名詞,マスク,1
名詞,素材,1
名詞,味方,1
名詞,ドライブ,1
名詞,4人,1
名詞,3回,1
名詞,ランク,1
名詞,沖縄,1
名詞,以下,1
名詞,集中,1
名詞,街,1
名詞,病気,1
名詞,活躍,1
名詞,直接,1
名詞,ファミマ,1
名詞,ジャンル,1
名詞,案件,1
名詞,十分,1
名詞,美人,1
名詞,空気,1
名詞,痛み,1
名詞,関連,1
名詞,事実,1
名詞,記事,1
名詞,野菜,1
名詞,関西,1
名詞,浮上,1
名詞,すべて,1
名詞,初期,1
名詞,地味,1
名詞,かも,1
名詞,参考,1
名詞,初日,1
名詞,渋谷,1
名詞,世の中,1
名詞,ボタン,1
名詞,考え,1
名詞,花粉,1
名詞,山,1
名詞,メモ,1
名詞,青,1
名詞,一言,1
名詞,一部,1
名詞,スタイル,1
名詞,荷物,1
名詞,食事,1
名詞,自転車,1
名詞,健康,1
名詞,完璧,1
名詞,ラスト,1
名詞,ステージ,1
名詞,温泉,1
名詞,今朝,1
名詞,モンスト,1
名詞,年齢,1
名詞,フレンド,1
名詞,完成,1
名詞,新作,1
名詞,無し,1
名詞,主,1
名詞,意見,1
名詞,ゼロ,1
名詞,見た目,1
名詞,代,1
名詞,感情,1
名詞,フェス,1
名詞,良さ,1
名詞,後悔,1
名詞,それぞれ,1
名詞,次第,1
名詞,にも,1
名詞,緊張,1
名詞,海,1
名詞,がん,1
名詞,活動,1
名詞,思い出,1
名詞,バイク,1
名詞,以降,1
名詞,発言,1
名詞,2つ,1
名詞,自由,1
名詞,ライン,1
名詞,お母さん,1
名詞,ポイント,1
名詞,指,1
名詞,パソコン,1
名詞,地獄,1
名詞,武器,1
名詞,お菓子,1
名詞,説明,1
名詞,来月,1
名詞,料理,1
名詞,確実,1
名詞,腕,1
名詞,復活,1
名詞,自信,1
名詞,早め,1
名詞,春,1
名詞,出勤,1
名詞,当たり前,1
名詞,1つ,1
名詞,意識,1
名詞,授業,1
名詞,説,1
名詞,裏,1
名詞,キャンペーン,1
名詞,用意,1
名詞,流れ,1
名詞,このまま,1
名詞,卒業,1
名詞,満足,1
名詞,経験,1
名詞,バカ,1
名詞,半分,1
名詞,勢,1
名詞,プレイ,1
名詞,一瞬,1
名詞,無駄,1
名詞,安定,1
名詞,差,1
名詞,どこか,1
名詞,駅,1
名詞,友人,1
名詞,おすすめ,1
名詞,買い物,1
名詞,ダイエット,1
名詞,本人,1
名詞,高校,1
名詞,イラスト,1
名詞,最悪,1
名詞,基本,1
名詞,地元,1
名詞,画面,1
名詞,セット,1
名詞,姿,1
名詞,笑顔,1
名詞,名古屋,1
名詞,アカウント,1
名詞,女性,1
名詞,横,1
名詞,不安,1
名詞,財布,1
名詞,個人的,1
名詞,職場,1
名詞,コンビニ,1
名詞,なのか,1
名詞,メンバー,1
名詞,薬,1
名詞,側,1
名詞,愛,1
名詞,瞬間,1
名詞,全員,1
名詞,残念,1
名詞,ただ,1
名詞,反応,1
名詞,漫画,1
名詞,タイプ,1
名詞,カラオケ,1
名詞,謎,1
名詞,イメージ,1
名詞,チケット,1
名詞,場所,1
名詞,モンハン,1
名詞,全て,1
名詞,服,1
名詞,2人,1
名詞,プレゼント,1
名詞,夏,1
名詞,イカ,1
名詞,相手,1
名詞,いま,1
名詞,1人,1
名詞,言葉,1
名詞,どっち,1
名詞,アニメ,1
名詞,嫌,1
名詞,最初,1
名詞,お金,1
名詞,大事,1
名詞,毎日,1
名詞,バイト,1
名詞,いつ,1
名詞,以外,1
名詞,キャラ,1
名詞,今回,1
名詞,全部,1
名詞,普通,1
名詞,僕,1
名詞,声,1
名詞,頭,1
名詞,無理,1
名詞,大丈夫,1
名詞,楽しみ,1
名詞,好き,1
動詞,できる,64
動詞,使う,22
動詞,くれる,10
動詞,使える,9
動詞,作る,8
動詞,目指す,7
動詞,語る,7
動詞,見える,7
動詞,集める,6
動詞,悩む,6
動詞,変える,6
動詞,相次ぐ,5
動詞,防ぐ,5
動詞,学ぶ,5
動詞,やめる,5
動詞,思う,5
動詞,仕掛ける,4
動詞,急ぐ,4
動詞,向ける,4
動詞,狙う,4
動詞,超える,4
動詞,買える,4
動詞,受ける,4
動詞,なれる,4
動詞,選ぶ,4
動詞,始まる,4
動詞,変わる,4
動詞,終わる,4
動詞,見る,4
動詞,招く,3
動詞,引き出す,3
動詞,支える,3
動詞,断る,3
動詞,通す,3
動詞,広がる,3
動詞,問う,3
動詞,書ける,3
動詞,育つ,3
動詞,救う,3
動詞,答える,3
動詞,進める,3
動詞,作れる,3
動詞,求める,3
動詞,離れる,3
動詞,残る,3
動詞,決める,3
動詞,走る,3
動詞,動く,3
動詞,続く,3
動詞,増える,3
動詞,しれる,3
動詞,感じる,3
動詞,始める,3
動詞,書く,3
動詞,行う,3
動詞,持つ,3
動詞,聞く,3
動詞,しまう,3
動詞,買う,3
動詞,ほどける,2
動詞,乗り出す,2
動詞,阻む,2
動詞,介す,2
動詞,埋め込む,2
動詞,取り除く,2
動詞,呼びかける,2
動詞,引き起こす,2
動詞,潜む,2
動詞,防げる,2
動詞,用いる,2
動詞,促す,2
動詞,明かす,2
動詞,担う,2
動詞,つなぐ,2
動詞,取り組む,2
動詞,加わる,2
動詞,代わる,2
動詞,貫く,2
動詞,異なる,2
動詞,欠ける,2
動詞,結ぶ,2
動詞,盛り上げる,2
動詞,盗む,2
動詞,破る,2
動詞,示す,2
動詞,つながる,2
動詞,こだわる,2
動詞,着ける,2
動詞,迫る,2
動詞,備える,2
動詞,振り返る,2
動詞,襲う,2
動詞,起こる,2
動詞,向く,2
動詞,売れる,2
動詞,隠す,2
動詞,盛り上がる,2
動詞,読める,2
動詞,関わる,2
動詞,増やす,2
動詞,試す,2
動詞,つくる,2
動詞,守る,2
動詞,迎える,2
動詞,払う,2
動詞,伝える,2
動詞,起こす,2
動詞,聞こえる,2
動詞,落とす,2
動詞,打つ,2
動詞,向かう,2
動詞,働く,2
動詞,飛ぶ,2
動詞,消える,2
動詞,減る,2
動詞,調べる,2
動詞,まくる,2
動詞,取る,2
動詞,教える,2
動詞,つく,2
動詞,過ぎる,2
動詞,読む,2
動詞,待つ,2
動詞,つける,2
動詞,分かる,2
動詞,考える,2
動詞,帰る,2
動詞,わかる,2
動詞,瀕する,1
動詞,くみとる,1
動詞,盗み出す,1
動詞,立ち行く,1
動詞,取り払う,1
動詞,にせる,1
動詞,結び付ける,1
動詞,たためる,1
動詞,打ち破る,1
動詞,贈れる,1
動詞,吹き返す,1
動詞,編み出す,1
動詞,読み解く,1
動詞,志す,1
動詞,またがる,1
動詞,かたる,1
動詞,手がける,1
動詞,巻き起こす,1
動詞,手掛ける,1
動詞,転じる,1
動詞,見抜ける,1
動詞,映し出す,1
動詞,脱す,1
動詞,買い戻す,1
動詞,司る,1
動詞,押し切る,1
動詞,測れる,1
動詞,かざす,1
動詞,仕組む,1
動詞,引き抜く,1
動詞,探し出す,1
動詞,禁じる,1
動詞,見積もる,1
動詞,遂げる,1
動詞,覆す,1
動詞,建つ,1
動詞,だます,1
動詞,そろえる,1
動詞,なりすます,1
動詞,見張る,1
動詞,報じる,1
動詞,懐かしむ,1
動詞,さばく,1
動詞,突きつける,1
動詞,ませる,1
動詞,凌ぐ,1
動詞,訳す,1
動詞,見抜く,1
動詞,定める,1
動詞,次ぐ,1
動詞,通れる,1
動詞,つなげる,1
動詞,見分ける,1
動詞,取り残す,1
動詞,こなせる,1
動詞,死す,1
動詞,動き回る,1
動詞,競う,1
動詞,使いこなす,1
動詞,学べる,1
動詞,図る,1
動詞,削ぐ,1
動詞,行き着く,1
動詞,のぞく,1
動詞,組み立てる,1
動詞,務める,1
動詞,築く,1
動詞,すり抜ける,1
動詞,曲げる,1
動詞,旅立つ,1
動詞,担ぐ,1
動詞,近付く,1
動詞,這う,1
動詞,動き出す,1
動詞,魅せる,1
動詞,覆う,1
動詞,味わえる,1
動詞,あてる,1
動詞,づける,1
動詞,うたう,1
動詞,押さえる,1
動詞,生む,1
動詞,役立つ,1
動詞,果たす,1
動詞,高める,1
動詞,応じる,1
動詞,ぶちまける,1
動詞,舞う,1
動詞,泳ぐ,1
動詞,生き残る,1
動詞,漂う,1
動詞,飛び出す,1
動詞,めぐる,1
動詞,仕込む,1
動詞,乗っ取る,1
動詞,募る,1
動詞,敷く,1
動詞,折る,1
動詞,撒く,1
動詞,移す,1
動詞,受け付ける,1
動詞,転がる,1
動詞,かわる,1
動詞,巡る,1
動詞,訴える,1
動詞,極める,1
動詞,ぶつかる,1
動詞,見習う,1
動詞,味わう,1
動詞,食らう,1
動詞,望む,1
動詞,冷める,1
動詞,広げる,1
動詞,切り替える,1
動詞,押し付ける,1
動詞,まわる,1
動詞,収まる,1
動詞,酔っ払う,1
動詞,持てる,1
動詞,隠れる,1
動詞,疑う,1
動詞,扱う,1
動詞,騙す,1
動詞,縛る,1
動詞,頼る,1
動詞,見守る,1
動詞,潰れる,1
動詞,目立つ,1
動詞,減らす,1
動詞,いえる,1
動詞,奪う,1
動詞,控える,1
動詞,埋まる,1
動詞,載る,1
動詞,逃す,1
動詞,伸ばす,1
動詞,受け取る,1
動詞,含む,1
動詞,乗れる,1
動詞,巻き込む,1
動詞,越える,1
動詞,動かす,1
動詞,撮れる,1
動詞,踏む,1
動詞,近づく,1
動詞,あり,1
動詞,抑える,1
動詞,思いつく,1
動詞,動ける,1
動詞,避ける,1
動詞,追う,1
動詞,潰す,1
動詞,黙る,1
動詞,ゆく,1
動詞,話しかける,1
動詞,余る,1
動詞,任せる,1
動詞,育てる,1
動詞,貯める,1
動詞,借りる,1
動詞,履く,1
動詞,耐える,1
動詞,通る,1
動詞,伸びる,1
動詞,叫ぶ,1
動詞,含める,1
動詞,飲める,1
動詞,集まる,1
動詞,戦う,1
動詞,踊る,1
動詞,楽しめる,1
動詞,残す,1
動詞,まとめる,1
動詞,驚く,1
動詞,遅れる,1
動詞,吐く,1
動詞,生まれる,1
動詞,見つかる,1
動詞,得る,1
動詞,被る,1
動詞,呟く,1
動詞,抜ける,1
動詞,押す,1
動詞,たつ,1
動詞,付く,1
動詞,立つ,1
動詞,似合う,1
動詞,開ける,1
動詞,消す,1
動詞,流す,1
動詞,諦める,1
動詞,空く,1
動詞,辞める,1
動詞,信じる,1
動詞,開く,1
動詞,歩く,1
動詞,見つける,1
動詞,ハマる,1
動詞,上げる,1
動詞,困る,1
動詞,決まる,1
動詞,もらえる,1
動詞,流れる,1
動詞,続ける,1
動詞,売る,1
動詞,落ちる,1
動詞,戻る,1
動詞,合う,1
動詞,覚える,1
動詞,かかる,1
動詞,探す,1
動詞,おく,1
動詞,かける,1
動詞,泣く,1
動詞,描く,1
動詞,笑う,1
動詞,とる,1
動詞,いける,1
動詞,違う,1
動詞,おる,1
動詞,死ぬ,1
動詞,知る,1
動詞,頑張る,1
動詞,すぎる,1
動詞,言う,1
形容詞,新しい,9
形容詞,すごい,7
形容詞,高い,4
形容詞,早い,4
形容詞,賢い,3
形容詞,古い,3
形容詞,遅い,3
形容詞,多い,3
形容詞,正しい,2
形容詞,苦しい,2
形容詞,甘い,2
形容詞,少ない,2
形容詞,難しい,2
形容詞,楽しい,2
形容詞,いい,2
形容詞,ほど遠い,1
形容詞,うっとうしい,1
形容詞,泥臭い,1
形容詞,やさい,1
形容詞,生々しい,1
形容詞,素早い,1
形容詞,ぬるい,1
形容詞,格好いい,1
形容詞,分かりやすい,1
形容詞,使いやすい,1
形容詞,おしい,1
形容詞,速い,1
形容詞,暗い,1
形容詞,細かい,1
形容詞,赤い,1
形容詞,おもしろい,1
形容詞,熱い,1
形容詞,うるさい,1
形容詞,低い,1
形容詞,詳しい,1
形容詞,厳しい,1
形容詞,深い,1
形容詞,重い,1
形容詞,軽い,1
形容詞,小さい,1
形容詞,忙しい,1
形容詞,悲しい,1
形容詞,っぽい,1
形容詞,美味しい,1
形容詞,強い,1
形容詞,かわいい,1
形容詞,ほしい,1
形容詞,欲しい,1
形容詞,よい,1
形容詞,良い,1
感動詞,さらば,1
感動詞,さよなら,1